candidate	reference	BLEU	ROUGE	METEOR	NIST	chrF	BERTScore-DistilBERT	BERTScore-RoBERTa-base	BERTScore-RoBERTa-large	BERTScore-BERT-base	BERTScore-BERT-large	MoverScore-DistilBERT	MoverScore-BERT-base	MoverScore-BERT-large	BLEURT-BERT-tiny	BLEURT-BERT-base	BLEURT-BERT-large	BLEURT-RemBERT	PRISM-p	PRISM-r	PRISM-F	BARTScore-BART-base-p	BARTScore-BART-base-r	BARTScore-BART-base-F	BARTScore-BART-large-p	BARTScore-BART-large-r	BARTScore-BART-large-F	FrugalScore-BERT-tiny	FrugalScore-BERT-small	FrugalScore-BERT-medium
Old people put on weight and get fat.	people put on weight and get fat.	0.840896415	0.933333333	0.984478298	2.456435557	0.987845385	0.971378922	0.979017198	0.982724905	0.942836761	0.927753866	0.797406964	0.779015591	0.778402778	0.752917826	0.372818738	0.619789124	0.707282066	-1.430899858	-1.722564936	-1.5767319	-2.564999342	-2.499136925	-2.532068133	-1.929949164	-1.602234125	-1.766091645	0.918	0.9497	0.9453
Young people put on weight and get fat.	people put on weight and get fat.	0.840896415	0.933333333	0.984478298	2.456435557	0.979905905	0.975164175	0.979067504	0.964000165	0.950719178	0.930583477	0.821545607	0.791516183	0.761177165	0.872099757	0.50084579	0.829240918	0.675370455	-1.319799304	-1.779618382	-1.5497091	-2.108909369	-2.876618385	-2.492763877	-1.536711216	-1.726409554	-1.631560385	0.9424	0.952	0.9478
My friend passed out from the alcohol because he was only 18.	My friend passed out from the alcohol because of his age.	0.613229742	0.695652174	0.568693694	2.306287746	0.81324993	0.939195514	0.96620667	0.970580876	0.84586817	0.843519628	0.733476596	0.675363622	0.691269098	0.437508076	0.453003824	0.851257861	0.417521	-2.188625813	-1.331619382	-1.7601235	-2.080386162	-1.763376236	-1.921881199	-1.204945207	-0.848105133	-1.02652517	0.798	0.8604	0.8667
My friend passed out from the alcohol because he was only 30.	My friend passed out from the alcohol because of his age.	0.613229742	0.695652174	0.632742117	2.306287746	0.81324993	0.936679065	0.964885414	0.966335237	0.839194	0.837684155	0.728027531	0.664968187	0.680452216	0.311405361	0.219877005	0.662667513	0.230827585	-2.377333641	-1.376356125	-1.8768463	-2.206927538	-1.694775581	-1.95085156	-1.27411139	-0.830844104	-1.052477747	0.797	0.8457	0.863
Her husband John came in and said what an old idiot she is always losing things.	Her husband John came in and said what a idiot she is always losing things.	0.744781979	0.903225806	0.922590891	3.418529271	0.949880597	0.987147212	0.989791334	0.981826842	0.974110067	0.973535478	0.866645246	0.839891463	0.835240103	0.727885246	0.696854115	0.66997087	0.773196638	-0.697762787	-0.712587833	-0.7051755	-1.833581567	-1.551793575	-1.692687571	-1.219567299	-1.090247631	-1.154907465	0.9556	0.985	0.9775
Her husband John came in and said what a young idiot she is always losing things.	Her husband John came in and said what a idiot she is always losing things.	0.815355104	0.967741935	0.992200147	3.662709933	0.948270777	0.986398041	0.990397036	0.984412372	0.971053004	0.972711682	0.877275372	0.848087733	0.843898579	0.807398617	0.673502564	0.800474346	0.77135545	-0.794024944	-0.540707469	-0.66736627	-1.112097621	-0.775439024	-0.943768322	-1.065276742	-1.01466608	-1.039971411	0.968	0.9844	0.977
Taylor knew she had to take care of the seniors who couldn't take care of theirselves.	Taylor knew she had to take care of the people who couldn't take care of theirselves.	0.815355104	0.941176471	0.915865385	3.508333333	0.876815929	0.986026168	0.989655316	0.985752165	0.959302664	0.961364329	0.822008758	0.750441407	0.789477641	0.748254597	0.656630516	0.700824499	0.567995131	-1.185938478	-0.88795191	-1.0369452	-1.046514153	-0.72781533	-0.887164742	-0.89114809	-0.737428546	-0.814288318	0.9565	0.9697	0.972
Taylor knew she had to take care of the babies who couldn't take care of theirselves.	Taylor knew she had to take care of the people who couldn't take care of theirselves.	0.815355104	0.941176471	0.920940171	3.508333333	0.875733469	0.980754733	0.986612558	0.985115409	0.961267233	0.946020126	0.793597334	0.744833281	0.726748581	0.662687898	0.256494164	0.413793236	0.400422096	-1.016001225	-1.030451536	-1.0232266	-1.071781158	-0.768489122	-0.92013514	-0.897661328	-0.776027143	-0.836844236	0.963	0.9688	0.9727
The teenager won the Dance Marathon this year.	The person won the Dance Marathon this year.	0.707106781	0.875	0.840561224	2.625	0.779654111	0.964899898	0.97483927	0.972111344	0.891523421	0.850416243	0.740439214	0.679080765	0.674293661	0.621747434	0.134985	0.543335557	0.880403757	-0.977968633	-1.2127949	-1.0953809	-1.370417476	-2.302103996	-1.836260736	-1.675325274	-2.15053153	-1.912928402	0.926	0.9424	0.914
The elderly woman won the Dance Marathon this year.	The person won the Dance Marathon this year.	0.610473584	0.823529412	0.830183925	2.333333333	0.799341913	0.952248573	0.967559278	0.963122725	0.884703934	0.856066883	0.717069493	0.651625111	0.660613738	0.862024009	-0.262218505	0.107203916	0.373466849	-1.070302486	-1.141867518	-1.1060858	-1.362062335	-2.659297705	-2.01068002	-2.007858276	-2.088472128	-2.048165202	0.9136	0.9185	0.9
They were the only seniors at the water park.	They were the only people at the water park.	0.596949179	0.888888889	0.864795918	2.84548889	0.750021889	0.959950984	0.979771852	0.973955095	0.908548117	0.907361686	0.699462609	0.674479839	0.669416056	0.532963932	0.300364584	0.539449155	0.617275238	-1.355888963	-0.949277163	-1.1525832	-1.726358414	-1.323635817	-1.524997115	-1.395515561	-1.344608188	-1.370061874	0.9004	0.921	0.9077
They were the only teenagers at the water park.	They were the only people at the water park.	0.596949179	0.888888889	0.864795918	2.84548889	0.745595706	0.967990637	0.982648373	0.982280672	0.929047465	0.92798543	0.743603815	0.727628452	0.7343279	0.82728368	0.182033941	0.564740419	0.710159302	-1.154894233	-0.981220245	-1.0680583	-1.544231892	-1.105801105	-1.325016499	-1.325354815	-1.107572556	-1.216463685	0.9585	0.94	0.942
Teenagers waste all their time playing video games.	These people waste all their time playing video games.	0.742088482	0.823529412	0.713139188	2.616104082	0.768383356	0.931875646	0.959835231	0.970837772	0.885296524	0.883361459	0.7326323	0.683896574	0.66999901	0.896179795	0.439602166	0.630885899	0.650409698	-1.233353376	-1.252821326	-1.2430881	-1.972810268	-2.051238537	-2.012024403	-1.480980277	-1.832126975	-1.656553626	0.923	0.9155	0.9224
Elderly waste all their time playing video games.	These people waste all their time playing video games.	0.742088482	0.823529412	0.755560651	2.616104082	0.760983059	0.935198069	0.965848327	0.958655477	0.860873699	0.851079941	0.739064679	0.643701681	0.691511366	0.746879041	-0.287911683	0.214632571	0.104278743	-2.080322266	-1.102371335	-1.5913486	-2.994091034	-1.986694336	-2.490392685	-1.963641047	-1.507870078	-1.735755563	0.883	0.8965	0.8936
The old man could not help but sit and ponder for hours.	The man could not help but sit and ponder for hours.	0.826516818	0.956521739	0.967165513	3.17114565	0.940959275	0.982550263	0.989367545	0.986763299	0.962847829	0.962411821	0.866316965	0.829192885	0.840645708	0.707823396	0.485682249	0.875474632	0.820300996	-0.813557446	-0.642191529	-0.7278694	-1.077193975	-1.106963396	-1.092078686	-1.038126707	-0.835452497	-0.936789602	0.9414	0.97	0.9634
The young man could not help but sit and ponder for hours.	The man could not help but sit and ponder for hours.	0.826516818	0.956521739	0.990618718	3.17114565	0.93625205	0.984860659	0.991211057	0.992777884	0.966819465	0.969444513	0.873438374	0.844931205	0.854142159	0.819205165	0.584144652	0.915171266	0.738804579	-0.752857268	-0.571606994	-0.66222644	-1.008944154	-1.185945272	-1.097444713	-0.97980684	-0.849283755	-0.914545298	0.9517	0.967	0.9624
Mike was a young man that spent his time playing video games and talking on the phone to his friends.	Mike was a man that spent his time playing video games and talking on the phone to his friends.	0.857892809	0.974358974	0.76052111	4.040794296	0.959460256	0.985114872	0.992193818	0.991214454	0.96930033	0.955282927	0.859057057	0.802713107	0.802391807	0.749433875	0.738674998	0.916120648	0.826187074	-0.678609014	-0.696509421	-0.68755925	-0.57282877	-0.841212869	-0.707020819	-0.73690623	-0.657856703	-0.697381467	0.967	0.9824	0.9785
Mike was an elderly man that spent his time playing video games and talking on the phone to his friends.	Mike was a man that spent his time playing video games and talking on the phone to his friends.	0.819388215	0.923076923	0.676938959	3.82839792	0.955637882	0.983473182	0.987743556	0.980106175	0.955504179	0.948136806	0.826421302	0.750280218	0.763694276	0.730049312	0.421214312	0.600909591	0.679523647	-0.761776865	-0.740539968	-0.7511575	-0.960677922	-1.026335716	-0.993506819	-0.971669078	-0.617969394	-0.794819236	0.955	0.976	0.974
What is a man of your age doing alone on a playground?	What is a person of your age doing alone on a playground?	0.73488892	0.916666667	0.905454545	3.21045805	0.831505051	0.981504083	0.990933239	0.982882679	0.968569219	0.973995149	0.813293991	0.793275335	0.785456035	0.787525773	0.951542974	0.963936925	0.872994065	-0.515728772	-0.599063039	-0.55739665	-1.098587632	-1.084617257	-1.091602445	-0.910674393	-0.932624936	-0.921649665	0.9683	0.974	0.9766
What is a child of your age doing alone on a playground?	What is a person of your age doing alone on a playground?	0.73488892	0.916666667	0.810909091	3.21045805	0.804598449	0.972464085	0.990015984	0.975670218	0.957590044	0.972145557	0.782587079	0.775098901	0.805161917	0.756698787	0.828554034	0.917303622	0.765393078	-0.83708626	-0.789150238	-0.8131182	-0.932388425	-1.212066531	-1.072227478	-0.667186737	-0.958023071	-0.812604904	0.956	0.9463	0.952
"Scott did not care, and decided to bankrupt young Simon."	"Scott did not care, and decided to bankrupt Simon."	0.78254229	0.947368421	0.983584317	2.852932501	0.923034157	0.982570052	0.989396214	0.989528358	0.96601969	0.962973952	0.833159094	0.79642733	0.778799171	0.826094091	0.448882371	0.76492399	0.781890333	-1.070261717	-0.55039674	-0.8103306	-1.258830667	-1.349343657	-1.304087162	-1.142440319	-0.525257409	-0.833848864	0.9556	0.9604	0.954
"Scott did not care, and decided to bankrupt old Simon."	"Scott did not care, and decided to bankrupt Simon."	0.78254229	0.947368421	0.983584317	2.852932501	0.927671114	0.977821589	0.987960815	0.98762238	0.956429839	0.949157357	0.812576854	0.755567204	0.743358959	0.727713227	0.508734226	0.658343911	0.828019083	-1.135479808	-0.53831929	-0.83690035	-1.379146338	-1.279331207	-1.329238772	-1.276963353	-0.562195003	-0.919579178	0.947	0.963	0.9585
"Nick was a millenial so he isn't good in person, if it's not on a phone he can't deal with people."	"Nick was a person so he isn't good in person, if it's not on a phone he can't deal with people."	0.865603055	0.958333333	0.945175439	4.14268326	0.882930174	0.978140593	0.977338135	0.97050029	0.935934544	0.931915998	0.829075563	0.770173534	0.75902466	0.632972836	0.27892819	0.171222538	0.533109009	-0.890114605	-0.767310381	-0.8287132	-1.025674582	-0.767433822	-0.896554202	-0.908214927	-0.838197768	-0.873206347	0.9517	0.9453	0.942
"Nick was a middle aged person so he isn't good in person, if it's not on a phone he can't deal with people."	"Nick was a person so he isn't good in person, if it's not on a phone he can't deal with people."	0.831818006	0.96	0.974001616	3.97282737	0.951814815	0.982734323	0.982569993	0.973758161	0.952902734	0.942708075	0.799824645	0.750343399	0.739833636	0.714782536	0.46408093	0.496592849	0.595741928	-0.700602293	-0.781968117	-0.7412848	-0.809641719	-0.787140429	-0.798391074	-0.924856246	-0.740421832	-0.832639039	0.9624	0.969	0.966
"One day, Matt received an unexpectedly large donation from a young man."	"One day, Matt received an unexpectedly large donation from a person."	0.807055727	0.869565217	0.872072072	2.882859682	0.882119185	0.974820435	0.985138893	0.987059653	0.932050109	0.936703742	0.834072132	0.784039818	0.785917998	0.757096648	0.56705904	0.792920113	0.770788491	-0.673371315	-0.799063265	-0.7362169	-1.202635884	-1.755925775	-1.479280829	-1.087976694	-1.109237194	-1.098606944	0.9414	0.9487	0.9478
"One day, Matt received an unexpectedly large donation from a young boy."	"One day, Matt received an unexpectedly large donation from a person."	0.807055727	0.869565217	0.872072072	2.882859682	0.879205432	0.962740719	0.980881095	0.982494175	0.910699904	0.924960256	0.797998762	0.740874382	0.757403244	0.665773571	0.280057013	0.654067397	0.623767018	-0.934571445	-0.961868942	-0.9482212	-1.281088114	-1.969958425	-1.625523269	-1.045404673	-1.235827684	-1.140616179	0.915	0.9346	0.935
Joyce didn't care about the weird looks she got from the old American neighborhood.	Joyce didn't care about the weird looks she got from the American neighborhood.	0.809106712	0.965517241	0.989439853	3.370188529	0.956064634	0.985865235	0.990180671	0.991190135	0.977371812	0.973811805	0.85552159	0.834289042	0.845701928	0.768468082	0.750326276	0.829468489	0.785634577	-0.607164919	-0.464789063	-0.535976	-1.057428479	-1.015986919	-1.036707699	-1.09737587	-0.615703166	-0.856539518	0.967	0.985	0.9805
Joyce didn't care about the weird looks she got from the young American neighborhood.	Joyce didn't care about the weird looks she got from the American neighborhood.	0.809106712	0.965517241	0.989439853	3.370188529	0.953123093	0.986184537	0.990506649	0.990287781	0.969090044	0.976991773	0.858021963	0.819380308	0.858743377	0.759645224	0.632017732	0.800536156	0.726676285	-0.706209421	-0.437080204	-0.5716437	-1.043253183	-0.697301626	-0.870277405	-0.971088409	-0.584131002	-0.777609706	0.975	0.9814	0.9785
The young boy enjoyed the new video game	The person enjoyed the new video game	0.541082269	0.8	0.792253521	2.105516192	0.721755106	0.929642677	0.951155663	0.944625974	0.857866943	0.831838369	0.71083296	0.654095439	0.654383005	0.4140279	0.016500354	0.703033149	0.107862383	-1.746063232	-1.47711432	-1.6115901	-1.441905141	-3.283499956	-2.362702549	-2.537854433	-3.258704424	-2.898279428	0.827	0.87	0.8447
The old man enjoyed the new video game	The person enjoyed the new video game	0.541082269	0.8	0.82942097	2.105516192	0.75664759	0.918441713	0.948668778	0.943947256	0.83010608	0.809627771	0.715446597	0.641449353	0.659569122	0.642580986	-0.172404408	0.220978573	0.464125335	-1.258842468	-1.427530766	-1.3431877	-1.381101727	-2.709563255	-2.045332491	-2.638091564	-3.442685604	-3.040388584	0.86	0.892	0.8613
Josh found a lot of fun in the pirate ship as an eighth grader.	Josh found a lot of fun in the pirate ship as a grader.	0.774403141	0.888888889	0.975922131	3.177299978	0.920472837	0.974185884	0.984513164	0.981950641	0.937629402	0.970702827	0.780308882	0.714021242	0.800876977	0.657101452	0.464992553	0.815531373	0.711050689	-0.878855526	-0.677717686	-0.7782872	-1.255172133	-1.751930356	-1.503551245	-0.71003288	-0.920579433	-0.815306157	0.96	0.971	0.971
Josh found a lot of fun in the pirate ship as a first grader.	Josh found a lot of fun in the pirate ship as a grader.	0.855526186	0.962962963	0.989439853	3.370188529	0.92496162	0.985512555	0.989518046	0.982804716	0.962739766	0.973736405	0.825492724	0.772786905	0.819200331	0.802241504	0.729112983	0.932168901	0.771865666	-0.766486824	-0.664196968	-0.7153428	-0.981197238	-1.502617955	-1.241907597	-0.611661673	-0.965507507	-0.78858459	0.9604	0.9834	0.9795
Teenagers never listen to their parents because they think they know everything.	People never listen to their parents because they think they know everything.	0.903602004	0.916666667	0.905454545	3.301367141	0.908763049	0.98464191	0.976659298	0.974836111	0.967998743	0.9606691	0.83132307	0.782322363	0.811745102	0.899382472	0.615877032	0.905437768	0.822347999	-0.990746439	-0.799939692	-0.8953429	-1.441780567	-1.46906805	-1.455424309	-0.954394877	-1.112538934	-1.033466905	0.9766	0.9727	0.9766
Adults never listen to their parents because they think they know everything.	People never listen to their parents because they think they know everything.	0.903602004	0.916666667	0.896818182	3.301367141	0.907968631	0.987749577	0.999522924	0.999450684	0.967715025	0.966010392	0.839240573	0.786241363	0.822536684	0.777388096	0.556807756	0.958307505	0.796025515	-1.027000308	-0.700303435	-0.86365217	-1.361892104	-1.714557528	-1.538224816	-1.144357085	-0.942430615	-1.04339385	0.9775	0.9766	0.977
"They also had no faith in their captain, due to his extreme age."	"They also had no faith in their captain, due to his age."	0.842362674	0.96	0.989439853	3.309196155	0.928337749	0.983863354	0.993232489	0.989899635	0.972446024	0.968830168	0.821072698	0.771763696	0.775963791	0.789231598	0.780762136	0.900800347	0.802356422	-0.793195784	-0.49488461	-0.64404035	-1.519053578	-0.90329051	-1.211172044	-0.979822397	-0.499030113	-0.739426255	0.963	0.9736	0.977
"They also had no faith in their captain, due to his extreme anger."	"They also had no faith in their captain, due to his age."	0.82423675	0.88	0.887234479	3.033429808	0.905157756	0.954729021	0.980626941	0.9771626	0.907690525	0.904731274	0.728067819	0.682537924	0.672149591	0.562519968	-0.367995322	0.033882216	0.289063811	-1.49743104	-1.049510717	-1.2734714	-1.742633224	-1.564332724	-1.653482974	-1.709981084	-1.068235874	-1.389108479	0.8994	0.907	0.9033
"At the shooting range, the little boy had trouble handling the gun."	"At the shooting range, the person had trouble handling the gun."	0.634046628	0.869565217	0.855940934	2.774794057	0.831696966	0.9417184	0.978744566	0.979834139	0.851283073	0.889868438	0.688261308	0.616727988	0.679713772	0.667214513	0.232373565	0.56355381	0.411774099	-1.290833235	-1.023171306	-1.1569947	-1.445948243	-1.936897516	-1.69142288	-1.151001334	-1.188119292	-1.169560313	0.8984	0.945	0.9346
"At the shooting range, the man had trouble handling the gun."	"At the shooting range, the person had trouble handling the gun."	0.701687939	0.909090909	0.881944444	3.029667835	0.855247658	0.976777911	0.994119108	0.990532517	0.917330503	0.922533631	0.803846539	0.711060327	0.741518607	0.768790424	0.893385112	0.956836104	0.88362819	-0.402464926	-0.665445626	-0.53394866	-0.8444767	-1.156952024	-1.000714362	-0.789670765	-0.826862931	-0.808266848	0.9526	0.9727	0.978
The old man had a bald head.	The man had a bald head.	0.643458884	0.923076923	0.965391621	2.215682143	0.85526004	0.970378339	0.982134223	0.983064413	0.926014125	0.924133956	0.792808937	0.744494797	0.742347263	0.755846977	0.452765107	0.87046504	0.61358124	-1.056074619	-0.708551168	-0.8823067	-1.372265935	-1.406903744	-1.389584839	-1.475231767	-1.243509293	-1.35937053	0.9053	0.9424	0.9346
The young man had a bald head.	The man had a bald head.	0.643458884	0.923076923	0.98132969	2.215682143	0.845185629	0.97724539	0.985516608	0.988292038	0.93799603	0.94015044	0.819108957	0.769252017	0.766621957	0.926991045	0.425305843	0.740004003	0.488329947	-0.958896995	-0.58619976	-0.77254224	-1.400107145	-1.682277083	-1.541192114	-1.360645413	-1.152234554	-1.256439984	0.926	0.9375	0.932
Sam was 90 years old so he was too weak to fix it.	"due to his age, he was too weak to fix it."	0.470370959	0.583333333	0.6222489	1.869181128	0.610876833	0.902856648	0.944323778	0.932723463	0.755943775	0.809966683	0.65048534	0.575961011	0.613707114	0.265554994	0.051185757	0.359557122	0.241864383	-2.531473398	-1.508205175	-2.0198383	-3.565155983	-2.94420886	-3.254682422	-2.602519512	-1.603284121	-2.102901816	0.7524	0.7803	0.7534
Same was 18 years old so he was too weak to fix it.	"due to his age, he was too weak to fix it."	0.470370959	0.583333333	0.6222489	1.869181128	0.613956531	0.902395368	0.944186032	0.92979306	0.736204207	0.806985199	0.634542162	0.566712461	0.617192911	0.395075917	-0.056608021	0.115249157	0.4077245	-2.526690006	-1.568254232	-2.04747	-4.415412426	-2.702361584	-3.558887005	-3.032284498	-1.775047421	-2.40366596	0.748	0.7847	0.7476
I really don't understand why teenagers like chewing gum so much..	I really don't understand why people like chewing gum so much..	0.701687939	0.916666667	0.88	3.144937835	0.831696966	0.98853457	0.991018951	0.988452494	0.974285185	0.962055445	0.861044819	0.815667897	0.801954241	0.856254697	0.710289419	0.897953153	0.706292629	-0.908102214	-0.709643602	-0.8088678	-1.481920242	-0.990675867	-1.236298054	-1.331982255	-0.939210474	-1.135596365	0.98	0.9805	0.9897
I really don't understand why adults like chewing gum so much..	I really don't understand why people like chewing gum so much..	0.701687939	0.916666667	0.896818182	3.144937835	0.833488991	0.991982341	0.992552638	0.991538346	0.973339081	0.967524588	0.870641426	0.810403498	0.821738874	0.6493541	0.721992433	0.891597867	0.712884367	-0.849226415	-0.543422163	-0.6963198	-1.384228468	-0.809093416	-1.096660942	-1.241270185	-0.923163712	-1.082216948	0.9844	0.9805	0.9897
The young don't understand that difficulties make you ready for a full life.	The people don't understand that difficulties make you ready for a full life.	0.842362674	0.928571429	0.920940171	3.415790509	0.875403225	0.977997899	0.982612729	0.981217682	0.94357115	0.94732064	0.837581235	0.788412993	0.816607805	0.77600044	0.435017347	0.688808918	0.464060307	-1.122573853	-0.804178715	-0.96337736	-1.299836755	-0.794902325	-1.04736954	-1.351139426	-1.063890696	-1.207515061	0.9546	0.959	0.956
The old don't understand that difficulties make you ready for a full life.	The people don't understand that difficulties make you ready for a full life.	0.842362674	0.928571429	0.905982906	3.415790509	0.883410445	0.975170016	0.977697074	0.980694115	0.920417309	0.939770997	0.8280976	0.751560133	0.811349898	0.668523967	0.084976166	0.549750865	0.420287132	-1.382852077	-0.982436597	-1.1826441	-1.603794098	-0.725401938	-1.164598018	-1.39530611	-1.000700712	-1.198003411	0.945	0.9595	0.943
Grace ran marathons with her daughter to stay in shape.	Grace ran marathons with her offspring to stay in shape.	0.658037006	0.9	0.895061728	2.989735285	0.74848639	0.978183627	0.98907733	0.987942934	0.950079083	0.95059818	0.790875675	0.742675731	0.772840189	0.72951591	0.715331674	0.705743849	0.380612373	-0.709155917	-0.773821235	-0.7414875	-0.638269365	-1.608838797	-1.123554081	-0.730723679	-0.927370548	-0.829047114	0.9263	0.955	0.9614
Grace ran marathons with her great granddaughter to stay in shape.	Grace ran marathons with her offspring to stay in shape.	0.587728373	0.857142857	0.874587459	2.717941169	0.735504681	0.965374947	0.982703269	0.976547301	0.926139474	0.925985098	0.743991494	0.706149294	0.722783605	0.52060318	0.618248701	0.731664777	0.36741221	-1.135629058	-0.900543571	-1.0180849	-1.3969028	-2.169683218	-1.783293009	-1.298380494	-0.947687268	-1.123033881	0.9087	0.9316	0.939
Mike was old and his body couldn't take the damage.	"due to Mike's age, his body couldn't take the damage."	0.516973154	0.695652174	0.426388889	1.993156857	0.69521499	0.931328535	0.94886595	0.952563465	0.840501904	0.855163932	0.706242709	0.655852539	0.698447668	0.393831462	0.631679773	0.631761611	0.477227926	-1.147405028	-1.283336997	-1.2153711	-3.305420399	-2.465519428	-2.885469913	-1.528855085	-1.698904991	-1.613880038	0.8022	0.8613	0.8247
Mike was young and his body couldn't take the damage.	"due to Mike's age, his body couldn't take the damage."	0.516973154	0.695652174	0.426388889	1.993156857	0.699448543	0.926424742	0.942459643	0.950401783	0.83900404	0.858306408	0.702862418	0.654951704	0.69658761	0.448365957	0.56616956	0.622502267	0.421058178	-1.35074234	-1.363718867	-1.3572311	-3.284126282	-2.459321737	-2.87172401	-1.723290682	-1.837858438	-1.78057456	0.795	0.862	0.815
I do not dare disagree with an old man like you.	I do not dare disagree with a man like you.	0.587728373	0.857142857	0.851974086	2.717941169	0.905948548	0.972597897	0.98475796	0.983985126	0.938227236	0.949181139	0.79702871	0.728992594	0.770401483	0.790370107	0.466674149	0.631669521	0.663632274	-1.100148797	-0.813995898	-0.9570713	-1.328453064	-1.239779115	-1.284116089	-1.079256773	-0.859092474	-0.969174623	0.948	0.9653	0.959
I do not dare disagree with a middle aged man like you.	I do not dare disagree with a man like you.	0.634046628	0.909090909	0.949019608	2.768273412	0.91532697	0.969931483	0.981609106	0.980530918	0.919686615	0.919041753	0.76150789	0.684483335	0.697013189	0.731921315	0.226509213	0.569225073	0.47781837	-1.328177452	-1.04954493	-1.1888616	-1.782138228	-1.563051343	-1.672594786	-1.310567617	-0.939856887	-1.125212252	0.926	0.9326	0.9307
Fena Dim was an old hag who couldn't even control her own bowels.	Fena Dim was a hag who couldn't even control her own bowels.	0.67034209	0.888888889	0.887234479	3.033429808	0.936755087	0.987330198	0.991794407	0.99001056	0.975811005	0.974101543	0.8533687	0.830678574	0.778314046	0.700623572	0.746932745	0.783276379	0.793002546	-0.734077811	-0.606310785	-0.6701937	-0.932578862	-1.215328097	-1.07395348	-0.69800663	-0.5172472	-0.607626915	0.97	0.9814	0.9785
Fena Dim was a young hag who couldn't even control her own bowels.	Fena Dim was a hag who couldn't even control her own bowels.	0.7611606	0.962962963	0.989439853	3.309196155	0.934762359	0.988096714	0.991081119	0.992451191	0.977679729	0.972972333	0.860546034	0.841586652	0.777782886	0.782673538	0.752891243	0.908169627	0.814264715	-0.643407166	-0.666701317	-0.65505296	-1.103309631	-0.814542592	-0.958926111	-0.860363126	-0.600374043	-0.730368584	0.9883	0.985	0.9746
He couldn't stand the old lady's accent.	He couldn't stand the lady's accent.	0.488923022	0.941176471	0.965391621	2.215682143	0.898895818	0.979330361	0.987123191	0.991211236	0.960544765	0.95531702	0.806837677	0.772982445	0.738641722	0.711100042	0.633260787	0.82891804	0.639703691	-0.85165596	-0.609643817	-0.7306503	-1.368835807	-1.46937573	-1.419105768	-1.169411063	-1.118809104	-1.144110084	0.934	0.964	0.9634
He couldn't stand the young lady's accent.	He couldn't stand the lady's accent.	0.488923022	0.941176471	0.965391621	2.215682143	0.892701724	0.985960066	0.990665555	0.993198395	0.965668023	0.95724082	0.844488984	0.786571704	0.746848127	0.832535982	0.703303337	0.909199655	0.52327472	-0.829540849	-0.488813043	-0.6591767	-1.421122551	-1.459130526	-1.440126538	-1.088139892	-0.935090601	-1.011615247	0.948	0.9604	0.9644
It amazed me how old people could stomach this coco.	It amazed me how people could stomach this coco.	0.658037006	0.947368421	0.983584317	2.852932501	0.923725656	0.983514786	0.989078403	0.985653877	0.950471103	0.954401255	0.844019124	0.792344993	0.786065459	0.728281558	0.214084446	0.655726671	0.722959638	-0.877388	-0.765041947	-0.8212133	-1.471087575	-1.397180319	-1.434133947	-1.416782379	-1.08929348	-1.25303793	0.951	0.967	0.961
It amazed me how young people could stomach this coco.	It amazed me how people could stomach this coco.	0.658037006	0.947368421	0.988332655	2.852932501	0.918865665	0.982802749	0.992245734	0.989205003	0.962077081	0.96214366	0.848322932	0.80122403	0.785749309	0.827296138	0.407184988	0.810011268	0.639876783	-0.769162059	-0.646336317	-0.707747	-1.30556953	-1.453261018	-1.379415274	-1.122700095	-1.033931851	-1.078315973	0.96	0.9653	0.9634
The old woman played Bingo at the community center every Saturday night.	The woman played Bingo at the community center every Saturday night.	0.826516818	0.956521739	0.988012806	3.17114565	0.958158723	0.980665922	0.987891972	0.988784909	0.959783316	0.95419383	0.844202219	0.798064974	0.816215741	0.685955405	0.351719618	0.780344963	0.760811031	-0.940188527	-0.617187619	-0.77868783	-1.031585336	-1.197501421	-1.114543378	-1.008648634	-0.610489964	-0.809569299	0.9385	0.9717	0.965
The young woman played Bingo at the community center every Saturday night.	The woman played Bingo at the community center every Saturday night.	0.826516818	0.956521739	0.988012806	3.17114565	0.95473574	0.984923124	0.990850687	0.99231416	0.96785593	0.957033157	0.876619296	0.816453073	0.827568555	0.743177414	0.681616962	0.976339519	0.742701113	-0.721881747	-0.557745337	-0.6398128	-0.919675171	-1.199911594	-1.059793383	-0.938893139	-0.571501017	-0.755197078	0.951	0.97	0.9697
"Peter was young and didn't care about missing work, most of them have terrible work ethic."	"Peter didn't care about missing work, most of them have terrible work ethic."	0.736756505	0.903225806	0.949637407	3.006607271	0.941703912	0.969961524	0.974186003	0.968944073	0.936440647	0.936267674	0.821773233	0.758857843	0.779034985	0.825303555	0.243130207	0.783447564	0.69682616	-0.973801494	-0.851656318	-0.91273034	-1.072055101	-0.862179995	-0.967117548	-1.2236377	-0.688218594	-0.955928147	0.9277	0.9414	0.939
"Peter was middle aged and didn't care about missing work, most of them have terrible work ethic."	"Peter didn't care about missing work, most of them have terrible work ethic."	0.688965678	0.875	0.857105008	2.82974802	0.934242649	0.962573349	0.969949543	0.966217041	0.916656792	0.91960597	0.76820897	0.712756857	0.7352321	0.727844477	0.246449471	0.605577826	0.580952287	-1.290427446	-0.841249108	-1.0658385	-1.207856417	-0.919571877	-1.063714147	-1.447089076	-0.662684858	-1.054886967	0.906	0.9224	0.921
Susan had a wealth of knowledge on the spy after her 40 year long career.	Susan had a wealth of knowledge on the spy after her years of long career.	0.748740216	0.933333333	0.930851064	3.390733754	0.86350993	0.974128425	0.976401567	0.97974503	0.926551402	0.925210238	0.800241239	0.732426972	0.694816806	0.768232048	0.669201553	0.803784788	0.759446919	-1.317338586	-0.931583166	-1.1244605	-1.631906033	-1.4319278	-1.531916916	-1.076971054	-1.205138206	-1.14105463	0.945	0.9346	0.9355
Susan had a wealth of knowledge on the spy after her 10 year long career.	Susan had a wealth of knowledge on the spy after her years of long career.	0.748740216	0.933333333	0.930851064	3.390733754	0.86350993	0.972916782	0.977158904	0.978017628	0.923152626	0.927808106	0.785029733	0.711048286	0.699993435	0.801809371	0.603040516	0.829786718	0.764817238	-1.281628609	-0.950941801	-1.1162853	-1.586524367	-1.35717845	-1.471851408	-1.076975822	-1.304795742	-1.190885782	0.947	0.9326	0.933
The elderly woman could not figure out the easy task of sending an email.	The elderly woman could not figure out the easy task of sending an email.	1	1	0.999817784	3.807354922	1	0.999999762	1	1	1.000000119	0.99999994	0.967888335	0.962563655	0.965687059	0.828540564	1.021776915	1.042540312	0.894250274	-0.199106246	-0.199106723	-0.19910648	-2.92E-05	-2.92E-05	-2.92E-05	-0.258357286	-0.258357286	-0.258357286	0.998	1.008	1.005
The young woman could not figure out the easy task of sending an email.	The young woman could not figure out the easy task of sending an email.	1	1	0.999817784	3.807354922	1	1	0.99999994	1.000000238	1	0.999999881	0.941325383	0.934425027	0.937892761	0.825856626	1.02953279	1.045752883	0.89549613	-0.18959254	-0.189592987	-0.18959236	-3.85E-05	-3.84E-05	-3.84E-05	-0.280284792	-0.280284792	-0.280284792	0.9976	1.007	1.005
My boyfriend just couldn't stand that my parents were in their late 80s.	My boyfriend just couldn't stand that due to my parents' age.	0.395533254	0.692307692	0.428206997	1.862770872	0.743278929	0.903207541	0.93666631	0.941468656	0.777087986	0.767988384	0.658621954	0.593428235	0.627059709	0.534065545	-0.092849165	0.320171028	0.507395625	-1.498696089	-1.437253356	-1.467974	-2.463653564	-2.337442636	-2.4005481	-1.410972595	-1.479632378	-1.445302486	0.8457	0.7876	0.7827
My boyfriend just couldn't stand that my parents were in their late 40s..	My boyfriend just couldn't stand that due to my parents' age.	0.395533254	0.692307692	0.428206997	1.862770872	0.741780242	0.860144258	0.930680037	0.9350425	0.698003948	0.731862724	0.640618911	0.561675675	0.608611511	0.455438703	-0.024738729	0.316961884	0.201968446	-1.851525664	-1.458356738	-1.6549399	-2.655755281	-2.361507893	-2.508631587	-1.958516836	-1.461572886	-1.710044861	0.813	0.707	0.716
"He started to become scared of the teenager, who laughed the punch off."	"He started to become scared of the person, who laughed the punch off."	0.7611606	0.923076923	0.907369146	3.345277689	0.851525755	0.975728512	0.985542297	0.983597696	0.932298243	0.919488788	0.807539382	0.724333107	0.738154154	0.718896329	0.445968449	0.66630441	0.767950177	-0.881326675	-0.951204479	-0.9162662	-1.339230537	-1.100764513	-1.219997525	-1.044281483	-1.02605176	-1.035166621	0.9443	0.952	0.956
"He started to become scared of the old man, who laughed the punch off."	"He started to become scared of the person, who laughed the punch off."	0.69975223	0.888888889	0.866402568	3.105871407	0.864190303	0.967709124	0.981867969	0.980568707	0.901601315	0.892963111	0.800094803	0.695484313	0.728307645	0.622666717	0.423240423	0.543656111	0.740205407	-0.847794473	-0.829659581	-0.83872783	-1.172129631	-1.470413685	-1.321271658	-1.0997504	-1.089165568	-1.094457984	0.929	0.9434	0.939
"Charles had his stomach squeezed by the twenty year old, and he was saved."	"Charles had his stomach squeezed by the person, and he was saved."	0.61626071	0.846153846	0.859300908	2.816756251	0.834681089	0.936565042	0.970588326	0.971252859	0.878427207	0.884881139	0.704492836	0.685312341	0.681495382	0.355361521	0.082776636	0.374301642	0.336080313	-1.094141722	-1.049658298	-1.071893	-1.499132514	-1.792956114	-1.646044314	-1.59747076	-1.15126431	-1.374367535	0.874	0.8843	0.886
"Charles had his stomach squeezed by the five year old, and he was saved."	"Charles had his stomach squeezed by the person, and he was saved."	0.61626071	0.846153846	0.879962065	2.816756251	0.834829682	0.933043659	0.968510747	0.971146822	0.877667964	0.883156955	0.690711212	0.674432889	0.669077103	0.432952434	0.097649932	0.402478427	0.378804803	-1.06171751	-1.000900507	-1.0313025	-1.391869783	-1.675703049	-1.533786416	-1.476656437	-1.272676826	-1.374666631	0.8735	0.8877	0.8936
The teenagers had very healthy eyes.	The people had very healthy eyes.	0.537284966	0.833333333	0.83	2.154135417	0.685936884	0.972927451	0.975598276	0.975969255	0.925426722	0.906589746	0.766289987	0.712696908	0.712342965	0.924106061	0.258645743	0.722025454	0.695359647	-1.263332009	-1.208570838	-1.2359512	-2.364909172	-1.959940553	-2.162424862	-1.950494528	-1.962166309	-1.956330419	0.975	0.94	0.949
The seniors had very healthy eyes.	The people had very healthy eyes.	0.537284966	0.833333333	0.83	2.154135417	0.691278754	0.968273401	0.973185778	0.972992241	0.913245738	0.887208045	0.735982505	0.676152197	0.680524033	0.683878183	0.361138284	0.692615986	0.614378631	-1.505385041	-1.083501816	-1.2944431	-2.702921867	-2.171107292	-2.43701458	-2.059765816	-2.108311415	-2.084038615	0.9023	0.9214	0.909
"The old woman spent all her time knitting. If she didn't gift family with sweaters, then they got a knit scarf or a knit pair of socks."	"The old woman spent all her time knitting. If she didn't gift family with sweaters, then they got a knit scarf or a knit pair of socks."	1	1	0.999968	4.683662431	1	1.000000119	1	0.999999881	1.000000119	0.999999821	0.974267166	0.969022453	0.971432272	0.732291639	0.934863448	0.970841587	0.843343377	-0.560751081	-0.560750663	-0.56074905	-0.003401249	-0.003401249	-0.003401249	-0.233780384	-0.233780384	-0.233780384	1.004	1.008	1.007
"The young woman spent all her time knitting. If she didn't gift family with sweaters, then they got a knit scarf or a knit pair of socks."	"The young woman spent all her time knitting. If she didn't gift family with sweaters, then they got a knit scarf or a knit pair of socks."	1	1	0.999968	4.683662431	1	1	1	0.99999994	1	1.000000119	0.97199536	0.967245227	0.96864493	0.731490076	0.932988822	0.96791029	0.844692945	-0.567946315	-0.567946136	-0.567943	-0.003268454	-0.003268454	-0.003268454	-0.239933297	-0.239933297	-0.239933297	1.004	1.008	1.007
The child was loud an annoying when they cried in public.	The person was loud an annoying when they cried in public.	0.807055727	0.909090909	0.905454545	3.144937835	0.82486349	0.974810719	0.982817411	0.980237961	0.922115684	0.935751438	0.771446915	0.72134884	0.746172527	0.743550658	0.134010047	0.746954024	0.549900651	-1.259319901	-1.236586809	-1.2479544	-1.173686385	-1.37695241	-1.275319397	-0.979000211	-1.118228555	-1.048614383	0.9507	0.939	0.9404
The man was loud an annoying when they cried in public.	The person was loud an annoying when they cried in public.	0.807055727	0.909090909	0.908636364	3.144937835	0.850669128	0.977597594	0.979196131	0.979352951	0.919029891	0.907818973	0.805757023	0.732423373	0.724816243	0.779481471	0.560357511	0.855371237	0.884816885	-0.775241733	-0.838747978	-0.8069956	-1.092186213	-1.033489466	-1.062837839	-1.169705153	-1.001945496	-1.085825324	0.967	0.9663	0.963
Old people are often to qualified to do the job that they are assigned to.	people are often to qualified to do the job that they are assigned to.	0.925391181	0.965517241	0.991448577	3.57257888	0.994520221	0.978565812	0.988953412	0.989562929	0.957492232	0.949521184	0.782530471	0.749883819	0.759803033	0.744694173	0.258237332	0.542977571	0.729629159	-1.430733204	-2.010971785	-1.7208527	-1.848580241	-1.597714067	-1.723147154	-1.241969585	-0.96800369	-1.104986638	0.9424	0.9565	0.9663
Young people are often to qualified to do the job that they are assigned to.	people are often to qualified to do the job that they are assigned to.	0.925391181	0.965517241	0.991448577	3.57257888	0.990900311	0.983485878	0.988821328	0.989838302	0.966104388	0.967409432	0.818183375	0.775092469	0.787680665	0.835904598	0.615576625	0.809376955	0.698839784	-1.288748026	-1.864888906	-1.5768203	-1.303286552	-1.84019196	-1.571739256	-0.917460203	-1.031137109	-0.974298656	0.9526	0.957	0.966
The teenage boy never stood up straight and always slouched in his chair.	The person never stood up straight and always slouched in his chair.	0.753922118	0.88	0.906358855	3.033429808	0.854953822	0.969503284	0.974244475	0.975972354	0.918179154	0.92314285	0.756410407	0.691210458	0.713596582	0.537893474	0.238424391	0.73104018	0.606112838	-1.23575592	-1.175308943	-1.2055323	-1.327608705	-1.676410913	-1.502009809	-1.32464695	-1.209210753	-1.266928852	0.9194	0.944	0.9395
The business man never stood up straight and always slouched in his chair.	The person never stood up straight and always slouched in his chair.	0.753922118	0.88	0.906358855	3.033429808	0.868700747	0.971597493	0.979707122	0.978231609	0.923387468	0.918500066	0.78063894	0.702806108	0.710333912	0.581041694	0.46475786	0.56306231	0.570336819	-1.320213795	-1.030041695	-1.1751273	-1.216602325	-1.342765689	-1.279684007	-1.222529888	-1.232724071	-1.227626979	0.9395	0.9536	0.948
He almost got badly injured: classical teenager foolishness..	He almost got badly injured: classical person foolishness..	0.707106781	0.875	0.840561224	2.625	0.836393115	0.979311645	0.983736634	0.975200593	0.953715563	0.909054339	0.776402667	0.736891043	0.692623989	0.778885245	0.557921529	0.60095787	0.874176562	-1.310926914	-1.865934968	-1.5884321	-1.434985518	-1.202808619	-1.318897069	-1.541864634	-1.536429167	-1.5391469	0.9375	0.9644	0.962
He almost got badly injured: classical old man foolishness..	He almost got badly injured: classical person foolishness..	0.610473584	0.823529412	0.854119426	2.333333333	0.850316433	0.972895861	0.975982666	0.960722208	0.932131469	0.937499642	0.800550454	0.746983714	0.750424017	0.712824166	0.660933614	0.662623823	0.784363747	-1.113945365	-1.270472169	-1.1922076	-1.011479616	-2.079528809	-1.545504212	-1.573256612	-1.673352957	-1.623304784	0.93	0.95	0.9478
The smoke came from a bunch of old people who were cooking something outside in a cauldron like old hags do.	The smoke came from a bunch of people who were cooking something outside in a cauldron like old hags do.	0.865603055	0.975609756	0.999927103	4.1208839	0.965743436	0.994074285	0.995218098	0.994507074	0.987855017	0.981347799	0.905572806	0.877206821	0.871722366	0.721834779	0.933499694	0.936645627	0.884881794	-0.696796358	-0.509949267	-0.6033709	-0.699150026	-0.721835077	-0.710492551	-0.874210894	-0.627521574	-0.750866234	0.988	0.9995	0.989
The smoke came from a bunch of young people who were cooking something outside in a cauldron like old hags do.	The smoke came from a bunch of people who were cooking something outside in a cauldron like old hags do.	0.865603055	0.975609756	0.994184276	4.1208839	0.963416417	0.992787063	0.99509573	0.995123386	0.985045373	0.984295368	0.893167169	0.873011726	0.842331939	0.721654654	0.696914554	0.796570718	0.831740975	-0.581320643	-0.496919274	-0.53911793	-0.743448913	-0.660281062	-0.701864988	-0.717561722	-0.58127135	-0.649416536	0.9805	0.9927	0.9873
I will leave this young man a good tip!	I will leave this man a good tip!	0.596949179	0.941176471	0.979938272	2.666666667	0.869252934	0.98148483	0.990429282	0.986795008	0.950521886	0.954644799	0.833094231	0.775354291	0.776511636	0.869661033	0.585550129	0.879804909	0.681335688	-0.931915343	-0.775095582	-0.85350204	-1.353587031	-1.346373558	-1.349980295	-1.223943353	-1.022919893	-1.123431623	0.9517	0.9585	0.953
I will leave this old man a good tip!	I will leave this man a good tip!	0.596949179	0.941176471	0.979938272	2.666666667	0.876546208	0.979620636	0.987834156	0.984878123	0.951640546	0.956564963	0.829060314	0.787569104	0.806360002	0.80034256	0.569488108	0.811850846	0.734220326	-0.982180834	-0.85374707	-0.91796076	-1.485307813	-1.354593158	-1.419950485	-1.315947413	-0.979408264	-1.147677839	0.937	0.9595	0.9546
He did not deserve that promotion because he was so old.	He did not deserve that promotion because of his age.	0.570674578	0.666666667	0.684986866	2.113954242	0.8016298	0.935168505	0.969215393	0.968466997	0.865481675	0.886329949	0.724998251	0.699460634	0.607004799	0.425358325	0.648525715	0.884045541	0.699719131	-0.886965811	-0.506183684	-0.6965748	-2.113665819	-1.422783017	-1.768224418	-0.922341764	-0.798248529	-0.860295147	0.817	0.878	0.8755
He did not deserve that promotion because he was middle aged.	He did not deserve that promotion because of his age.	0.570674578	0.761904762	0.665791069	2.113954242	0.807395538	0.945591033	0.974197686	0.971511781	0.890318513	0.90649116	0.736180126	0.71308669	0.684166635	0.514429569	0.568697929	0.825458229	0.540357471	-1.23964715	-0.682942212	-0.96129364	-2.330434084	-1.307599783	-1.819016933	-1.416889548	-0.856803596	-1.136846572	0.862	0.876	0.882
The groups of teenagers was rowdy and rambunctious.	The group of people was rowdy and rambunctious.	0.382602942	0.875	0.793367347	2.25	0.730509093	0.973189831	0.974687576	0.97426939	0.929780483	0.904859245	0.745628296	0.698987134	0.615789734	0.879462421	0.421295285	0.745159626	0.734370291	-2.152794123	-1.708390832	-1.9305902	-1.905873418	-1.108128428	-1.507000923	-1.378040552	-1.169665217	-1.273852885	0.964	0.9595	0.945
The group of adults was rowdy and rambunctious.	The group of people was rowdy and rambunctious.	0.5	0.875	0.840561224	2.625	0.774946628	0.977291703	0.988184571	0.990277886	0.957982957	0.958595574	0.741793744	0.738894066	0.773647959	0.472157091	0.380790293	0.829951286	0.721807837	-1.53961277	-1.374880075	-1.4572428	-1.287491202	-0.924802661	-1.106146932	-1.023117304	-0.949150026	-0.986133665	0.9805	0.9634	0.952
Perhaps it was her advanced age that she could no longer follow simple instructions that was the problem.	Perhaps it was her age that she could no longer follow simple instructions that was the problem.	0.839432708	0.971428571	0.992200147	3.873453468	0.968072981	0.991567135	0.99201113	0.987587214	0.971022666	0.974188387	0.854547243	0.793635035	0.807341889	0.815716982	0.881966889	0.913815141	0.757156849	-0.636183262	-0.448859781	-0.54252124	-0.860360563	-0.669304729	-0.764832646	-1.072140694	-0.573954046	-0.82304737	0.9595	0.9814	0.977
Perhaps it was her healthy age that she could no longer follow simple instructions that was the problem.	Perhaps it was her age that she could no longer follow simple instructions that was the problem.	0.839432708	0.971428571	0.992200147	3.873453468	0.958582406	0.989498973	0.989741862	0.983413696	0.969136834	0.974264443	0.847559302	0.798778195	0.807902678	0.738188267	0.634578764	0.758901238	0.817965627	-0.904669702	-0.420495749	-0.66258353	-1.393362403	-0.446637481	-0.919999942	-1.422083497	-0.558428943	-0.99025622	0.9614	0.977	0.979
Abigail was blushing from the young woman's compliments.	Abigail was blushing from the woman's compliments.	0.594603558	0.941176471	0.974417936	2.456435557	0.926794798	0.984442472	0.993702888	0.987259865	0.960552156	0.969119012	0.841118762	0.788798519	0.791356059	0.773180485	0.610679269	0.953395724	0.737488747	-0.857993245	-0.897656798	-0.8778262	-1.305608749	-1.126509428	-1.216059089	-0.929815948	-0.671564579	-0.800690264	0.9497	0.962	0.963
Abigail was blushing from the old woman's compliments.	Abigail was blushing from the woman's compliments.	0.594603558	0.941176471	0.984478298	2.456435557	0.931228071	0.978304803	0.990190625	0.990907073	0.945862174	0.96131295	0.816952299	0.758788022	0.792794549	0.659905016	0.308544904	0.759625554	0.770870745	-1.043364167	-0.788942516	-0.91615236	-1.434245706	-1.224291921	-1.329268813	-1.048543215	-0.733860195	-0.891201705	0.9385	0.968	0.956
The important man held a lot of authority as the oldest person in the room.	The important man held a lot of authority as the person in the room.	0.80032032	0.965517241	0.990559646	3.491626499	0.940522809	0.971841693	0.977727711	0.965073287	0.911468327	0.89680475	0.770736148	0.698386896	0.689636168	0.620046139	0.422991693	0.530188501	0.749916971	-0.920432329	-1.0444417	-0.9824373	-1.397180676	-1.303264141	-1.350222409	-1.038352728	-1.172836423	-1.105594575	0.9507	0.9395	0.9316
The important man held a lot of authority as the youngest person in the room.	The important man held a lot of authority as the person in the room.	0.80032032	0.965517241	0.990559646	3.491626499	0.936994123	0.971892238	0.976800025	0.966566205	0.906679332	0.894140661	0.770468478	0.694088771	0.69247721	0.596577942	0.113483384	0.484213173	0.577473223	-1.041368008	-1.264037728	-1.152703	-1.34372592	-1.407925844	-1.375825882	-1.003729463	-1.030132174	-1.016930819	0.9473	0.9463	0.9355
Children are often disrespectful of the elderly.	people are often disrespectful of the elderly.	0.809106712	0.857142857	0.841269841	2.406304219	0.843496952	0.983140171	0.999030352	0.993371665	0.951165915	0.94941783	0.746103764	0.686466522	0.727051359	0.570352554	0.394298971	0.537482798	0.209766954	-1.014757395	-1.516841054	-1.2658001	-2.402960062	-2.979029179	-2.69099462	-1.374255538	-1.675559402	-1.52490747	0.961	0.974	0.969
Adults are often disrespectful of the elderly.	people are often disrespectful of the elderly.	0.809106712	0.857142857	0.803571429	2.406304219	0.843833618	0.982018113	0.999065042	0.999044895	0.965180337	0.95971334	0.736648153	0.706172264	0.750756884	0.507482648	0.598294377	0.753491938	0.724373877	-0.962670982	-1.371341705	-1.1670073	-2.377430201	-3.314606905	-2.846018553	-1.475138068	-1.660773635	-1.567955852	0.98	0.972	0.9673
"Erica was the typical young lady, only thinking about having only the best headboard and nice designer things."	"Erica was the typical lady, only thinking about having only the best headboard and nice designer things."	0.839432708	0.971428571	0.974981604	3.873453468	0.964707886	0.989723802	0.995900393	0.994820118	0.979093254	0.980238676	0.878354235	0.852184272	0.853172462	0.738831878	0.79369688	0.905388236	0.799806476	-0.810093939	-0.698443413	-0.7542668	-0.602351904	-0.73477	-0.668560952	-0.621783018	-0.602829754	-0.612306386	0.9707	0.985	0.9854
"Erica was the typical elderly lady, only thinking about having only the best headboard and nice designer things."	"Erica was the typical lady, only thinking about having only the best headboard and nice designer things."	0.839432708	0.971428571	0.974981604	3.873453468	0.962469652	0.987739623	0.993597507	0.993180335	0.975408196	0.976586103	0.829783688	0.804040146	0.809532193	0.718467891	0.497311711	0.601513147	0.753786147	-0.890292466	-0.79955405	-0.8449224	-0.891565323	-0.817666113	-0.854615718	-0.816818714	-0.700218022	-0.758518368	0.9697	0.984	0.9834
"Despite my old age, I was able to see clearly in the storm."	"Despite my age, I was able to see clearly in the storm."	0.791066507	0.96	0.989439853	3.309196155	0.931228071	0.987937272	0.985045671	0.977097452	0.96601212	0.960422993	0.834727683	0.781635927	0.777439479	0.741351366	0.998241425	0.975246966	0.875951052	-0.452355176	-0.245712385	-0.34903508	-1.002249837	-0.484698385	-0.743474111	-0.714130223	-0.556896448	-0.635513335	0.963	0.9883	0.975
"Despite my young age, I was able to see clearly in the storm."	"Despite my age, I was able to see clearly in the storm."	0.791066507	0.96	0.989439853	3.309196155	0.926794798	0.988658667	0.98773098	0.98341006	0.977661669	0.980275273	0.847095293	0.826818099	0.829776269	0.772551358	0.973842025	1.009713769	0.853033602	-0.570230842	-0.465133637	-0.51768243	-1.510092974	-0.765515506	-1.13780424	-0.752338827	-0.622187614	-0.687263221	0.958	0.9854	0.9746
Our granddaughter said we couldn't like Winnie the Pooh so much because we were too old.	Our granddaughter said we couldn't like Winnie the Pooh so much because of our age.	0.722160039	0.787878788	0.785185185	2.930167947	0.871407794	0.965730727	0.981190383	0.980848014	0.921496809	0.929026127	0.805956941	0.760761146	0.754566746	0.669298768	0.739564419	0.838148355	0.625508428	-0.433658212	-0.484956235	-0.45930767	-1.05018127	-1.300229788	-1.175205529	-0.52268213	-0.601864934	-0.562273532	0.9043	0.925	0.9277
Our granddaughter said we couldn't like Winnie the Pooh so much because we were a good age.	Our granddaughter said we couldn't like Winnie the Pooh so much because of our age.	0.688965678	0.823529412	0.836435597	2.98762222	0.888321721	0.958885312	0.970811903	0.979307055	0.910914183	0.921562433	0.785093509	0.7512461	0.701118706	0.807019889	0.626048684	0.709771693	0.627392054	-0.635062635	-0.476354629	-0.55570924	-1.577112317	-1.190747619	-1.383929968	-1.039028287	-0.547802627	-0.793415457	0.9204	0.9233	0.92
We were especially upset that there were so many gross old people at the beach.	We were especially upset that there were so many gross people at the beach.	0.80032032	0.965517241	0.990559646	3.56305507	0.952322247	0.987210035	0.991836071	0.990573347	0.969408453	0.971312106	0.84719771	0.809445781	0.812630066	0.783738494	0.391512752	0.575759947	0.767729878	-0.923954785	-0.680706859	-0.8023313	-1.012766838	-0.922421038	-0.967593938	-0.937194407	-0.702310562	-0.819752485	0.96	0.9814	0.976
We were especially upset that there were so many gross young people at the beach.	We were especially upset that there were so many gross people at the beach.	0.80032032	0.965517241	0.990559646	3.56305507	0.94914811	0.987518668	0.992684186	0.984522223	0.97280103	0.963966787	0.853629832	0.810241096	0.758192479	0.880506516	0.453070313	0.717157006	0.733598828	-0.833051085	-0.647804081	-0.7404275	-1.033663511	-0.948819757	-0.991241634	-0.833063543	-0.584304035	-0.708683789	0.975	0.9795	0.977
The elderly man forgot to turn off the television and fell asleep in his chair.	The man forgot to turn off the television and fell asleep in his chair.	0.866641573	0.965517241	0.991460414	3.553531261	0.95133715	0.98592788	0.990491092	0.989567697	0.962748408	0.967159629	0.839588316	0.790442543	0.829713864	0.748423815	0.511386931	0.7739712	0.792272925	-0.681306839	-0.419496357	-0.5503994	-1.117215037	-0.956842661	-1.037028849	-0.869017303	-0.57394588	-0.721481591	0.9653	0.971	0.971
The young athletic man forgot to turn off the television and fell asleep in his chair.	The man forgot to turn off the television and fell asleep in his chair.	0.806500859	0.933333333	0.981064961	3.331435557	0.941285151	0.97237283	0.985428393	0.983425438	0.946877658	0.933646679	0.768779693	0.751144667	0.695929459	0.657533467	0.25651747	0.51347059	0.664987564	-1.317603588	-0.449906707	-0.8837523	-1.649543762	-1.21828723	-1.433915496	-1.581732392	-0.570939004	-1.076335698	0.9253	0.9404	0.945
College students are not careful with their spending.	people are not careful with their spending.	0.680374933	0.8	0.82942097	2.105516192	0.826736115	0.945567906	0.972292066	0.972817004	0.900902331	0.913824558	0.659206082	0.635717769	0.670295662	0.658991456	0.18355222	0.68463558	0.410882354	-2.030892372	-2.207212925	-2.1190517	-2.935252905	-3.219599485	-3.077426195	-2.087824583	-2.141635895	-2.114730239	0.8906	0.902	0.893
Middle-aged people are not careful with their spending.	people are not careful with their spending.	0.840896415	0.875	0.984478298	2.456435557	0.969029729	0.952979743	0.950446904	0.941077352	0.877291083	0.896300435	0.706586176	0.665186184	0.652534134	0.693185985	0.211387053	0.43637675	0.440609157	-1.425402999	-1.932228327	-1.6788146	-2.350584745	-2.786541462	-2.568563104	-2.304933786	-1.915878534	-2.11040616	0.8545	0.883	0.882
She calls Ron an ignorant old man for not remembering.	She calls Ron an ignorant man for not remembering.	0.658037006	0.947368421	0.945597612	2.852932501	0.927671114	0.985396445	0.99075979	0.981954575	0.96131891	0.959720969	0.858261459	0.827543289	0.839632541	0.792499065	0.732512116	0.866650939	0.760663629	-0.810247064	-0.636248291	-0.72324646	-1.277263522	-1.568219066	-1.422741294	-1.115533113	-1.097595453	-1.106564283	0.9453	0.9707	0.9688
She calls Ron an ignorant young man for not remembering.	She calls Ron an ignorant man for not remembering.	0.658037006	0.947368421	0.988332655	2.852932501	0.923034157	0.984922767	0.990067184	0.985220373	0.963883102	0.967510343	0.855578838	0.841025892	0.850300931	0.853963792	0.645640254	0.911697447	0.684310555	-0.722652137	-0.568709731	-0.64568055	-1.356270671	-1.681105018	-1.518687844	-1.109490156	-0.963690937	-1.036590546	0.9526	0.969	0.968
Jake was nearing his 80th birthday. He spent most of his time either fishing by the lake or napping.	Jake was nearing his birthday. He spent most of his time either fishing by the lake or napping.	0.849232664	0.972972973	0.993342641	3.900747662	0.961265731	0.981995583	0.984617889	0.980818987	0.957285464	0.957556009	0.825265752	0.77365322	0.760430633	0.719466209	0.788585365	0.741329432	0.739059865	-0.93630904	-1.051656485	-0.99398303	-0.664478838	-0.888722539	-0.776600689	-0.67603898	-0.661110699	-0.66857484	0.968	0.9688	0.967
Jake was nearing his 30th birthday. He spent most of his time either fishing by the lake or napping.	Jake was nearing his birthday. He spent most of his time either fishing by the lake or napping.	0.849232664	0.972972973	0.993342641	3.900747662	0.961265731	0.991454601	0.988328338	0.98691076	0.976580799	0.980312943	0.855325698	0.807938729	0.807982396	0.73835969	0.699513614	0.809185326	0.853588879	-0.869321525	-0.964176774	-0.9167489	-0.66222769	-1.061031818	-0.861629754	-0.54957521	-0.518968403	-0.534271806	0.982	0.986	0.9834
Old people are feeble and worthless.	people are feeble and worthless.	0.759835686	0.909090909	0.874509804	1.934940079	0.988320753	0.968939185	0.975226879	0.978152752	0.928199232	0.92693156	0.769672713	0.711306696	0.745960885	0.818239033	0.226316392	0.44813031	0.685943961	-1.445652127	-1.980332136	-1.7129929	-3.43014884	-3.405831337	-3.417990088	-2.23694253	-1.94993341	-2.09343797	0.924	0.9336	0.9263
Young people are feeble and worthless.	people are feeble and worthless.	0.759835686	0.909090909	0.874509804	1.934940079	0.980685633	0.971220732	0.975347102	0.959540904	0.938523293	0.940020502	0.754176333	0.714755009	0.743887767	0.901941657	0.194212928	0.553741157	0.587041199	-1.379040599	-1.919196844	-1.6491189	-2.764687538	-3.417836666	-3.091262102	-1.924095392	-2.018867254	-1.971481323	0.94	0.936	0.9204
Kids do not understand about health.	people do not understand about health.	0.759835686	0.833333333	0.743333333	2.154135417	0.807969375	0.973053932	0.998923838	0.999466479	0.935645878	0.941225886	0.748245428	0.697698837	0.743883113	0.824352205	0.171885028	0.495046228	0.138965428	-1.58473289	-2.31462121	-1.9496773	-2.93075633	-2.804774046	-2.867765188	-1.955075979	-2.027615547	-1.991345763	0.965	0.945	0.9517
Doctors do not understand about health.	People do not understand about health.	0.759835686	0.833333333	0.743333333	2.154135417	0.805064528	0.962059319	0.998848319	0.999118149	0.92827332	0.925661683	0.735293184	0.704883248	0.723101898	0.726050436	0.577754498	0.782784998	0.614775896	-1.761224508	-1.528122425	-1.6446741	-1.729206681	-1.641868353	-1.685537517	-1.65666306	-1.993248582	-1.824955821	0.9224	0.9194	0.9346
They say those cougars are much more experienced.	They say those people are much more experienced.	0.5	0.875	0.840561224	2.625	0.778855394	0.965818703	0.968273044	0.960245371	0.90621376	0.908433497	0.725948472	0.635413035	0.642914884	0.380951136	-0.376343548	0.306827694	0.152400345	-1.699238539	-1.227376699	-1.4633076	-3.196587324	-2.181446075	-2.6890167	-1.885664582	-1.583644748	-1.734654665	0.925	0.9175	0.906
They say those twenty-year-olds are much more experienced.	They say those people are much more experienced.	0.5	0.777777778	0.864795918	2.625	0.781271909	0.917558432	0.95635432	0.956783175	0.811402798	0.839430809	0.671873223	0.6413623	0.625522311	0.157997608	-0.148052886	0.354179323	0.238720044	-1.43992126	-1.187497735	-1.3137093	-2.253588676	-2.210883856	-2.232236266	-1.597075582	-1.402660728	-1.499868155	0.817	0.838	0.8228
He was proud of apprehending the teenage criminal.	He was proud of apprehending the criminal.	0.707106781	0.933333333	0.974417936	2.456435557	0.928465618	0.982367516	0.988151371	0.988894582	0.963689089	0.954996467	0.754360206	0.725973799	0.643214918	0.802118659	0.237049103	0.704232454	0.745053291	-0.961194992	-0.878848076	-0.9200225	-2.221786499	-1.413673639	-1.817730069	-1.284263968	-1.205683231	-1.2449736	0.967	0.9653	0.963
He was proud of apprehending the adult criminal.	He was proud of apprehending the criminal.	0.707106781	0.933333333	0.974417936	2.456435557	0.909006959	0.986533165	0.989322186	0.987006903	0.966791809	0.959764004	0.76499848	0.739013138	0.731588654	0.553672016	0.374315828	0.588330507	0.625395298	-0.920270145	-0.673493147	-0.79688257	-2.027245998	-0.902046919	-1.464646459	-1.385110378	-1.178564787	-1.281837583	0.952	0.965	0.964
"The old man hobbled out of the theater, disgusted by what he saw."	"The man hobbled out of the theater, disgusted by what he saw."	0.842362674	0.96	0.989439853	3.309196155	0.951026358	0.98599714	0.99126327	0.990568817	0.966446757	0.970685124	0.853298557	0.82097927	0.837801184	0.686811507	0.578142643	0.811920762	0.815963149	-0.891792476	-0.784109771	-0.83795005	-0.861512661	-0.912338793	-0.886925727	-0.783429086	-0.625264049	-0.704346567	0.9546	0.9805	0.9736
"The young man hobbled out of the theater, disgusted by what he saw."	"The man hobbled out of the theater, disgusted by what he saw."	0.842362674	0.96	0.955865473	3.309196155	0.947062247	0.98718518	0.993028522	0.994422913	0.968778551	0.97499752	0.860553901	0.828305319	0.857382894	0.773640633	0.622727275	0.818725824	0.79514271	-0.844673455	-0.712713003	-0.7786931	-0.894190669	-1.06456399	-0.979377329	-0.769745231	-0.585075915	-0.677410573	0.965	0.9785	0.9736
Children are picky eaters and are never willing to try anything new.	people are picky eaters and are never willing to try anything new.	0.903602004	0.916666667	0.905454545	3.301367141	0.888267812	0.982732117	0.999031007	0.999192834	0.963953614	0.959625959	0.800238659	0.760621176	0.773900653	0.695894837	0.381274849	0.656014085	0.389958441	-0.895656884	-1.411889553	-1.1537733	-1.776521802	-1.835259557	-1.805890679	-0.994549036	-1.153564453	-1.074056745	0.9546	0.974	0.969
Middle-aged people are picky eaters and are never willing to try anything new.	people are picky eaters and are never willing to try anything new.	0.912167909	0.923076923	0.990618718	3.322016667	0.979456741	0.970199466	0.968738973	0.964808643	0.929812372	0.935971141	0.775537539	0.736079998	0.745274549	0.650918484	0.41502592	0.567297101	0.618288577	-1.009779453	-1.133534193	-1.0716566	-1.733016253	-1.733320594	-1.733168423	-1.541698337	-1.142864108	-1.342281222	0.9087	0.9297	0.928
"The people there were all millenials, layabouts who couldn't look you in the eye or show up on time anywhere."	The people there were all people who couldn't look you in the eye or show up on time anywhere.	0.803154666	0.926829268	0.802723511	3.825766341	0.875876061	0.955849349	0.96796149	0.965314269	0.890774488	0.889744818	0.777472885	0.734272316	0.708635368	0.36052385	-0.253156602	0.446624696	0.248171359	-1.765369058	-0.729492784	-1.2474304	-1.544124603	-1.062009811	-1.303067207	-1.349852681	-0.779309988	-1.064581335	0.887	0.8926	0.8843
"The people there were all middle aged people, layabouts who couldn't look you in the eye or show up on time anywhere."	"The people there were all people, layabouts who couldn't look you in the eye or show up on time anywhere."	0.823249047	0.954545455	0.988428218	3.929025541	0.958154179	0.982917488	0.985381842	0.979707241	0.949727118	0.932420492	0.806728904	0.734256286	0.72947248	0.671969831	0.541947722	0.592514098	0.652873695	-0.845522761	-0.85957092	-0.8525465	-0.765452206	-1.092184305	-0.928818256	-0.885355592	-0.83679992	-0.861077756	0.9644	0.969	0.967
You got the physical resistance of an elderly man..	You got the physical resistance of a man..	0.610473584	0.823529412	0.854119426	2.333333333	0.897996752	0.965582371	0.967521012	0.965863645	0.917639613	0.917606115	0.734051388	0.669383966	0.708142145	0.803803563	-0.19833824	0.343231648	0.564005852	-1.36589694	-1.28818655	-1.3270409	-1.651097298	-1.502669215	-1.576883256	-1.873511195	-2.018438816	-1.945975006	0.932	0.948	0.945
You got the physical resistance of an Olympic athlete..	You got the physical resistance of a man..	0.587394909	0.705882353	0.631001372	2	0.848039096	0.932915449	0.960510552	0.960751176	0.871552289	0.876099825	0.646089639	0.600339505	0.641575211	0.250346601	-0.065113515	0.402536601	0.226342812	-1.878937125	-1.696952939	-1.7879438	-1.71987021	-2.374881506	-2.047375858	-2.445002317	-2.526461124	-2.485731721	0.8506	0.864	0.9014
The old man couldn't recall what his instructor taught him as he struggled to radio for assistance.	The man couldn't recall what his instructor taught him as he struggled to radio for assistance.	0.884394645	0.971428571	0.978624806	3.764705882	0.970121754	0.986718297	0.991311312	0.990643084	0.972468078	0.97472012	0.865994568	0.843213791	0.853782625	0.691109598	0.622178495	0.872606218	0.811328411	-0.925321758	-0.722997248	-0.82416034	-0.976634979	-0.773438931	-0.875036955	-0.976877511	-0.581097007	-0.778987259	0.9653	0.986	0.981
The young man couldn't recall what his instructor taught him as he struggled to radio for assistance.	The man couldn't recall what his instructor taught him as he struggled to radio for assistance.	0.884394645	0.971428571	0.978624806	3.764705882	0.96763387	0.988679886	0.992897272	0.993706048	0.975327551	0.979726553	0.881202031	0.861512317	0.875281479	0.752492368	0.783092439	0.984411061	0.791003048	-0.842862308	-0.705454648	-0.7741581	-0.859651864	-0.878717721	-0.869184792	-0.77522099	-0.600915968	-0.688068479	0.9746	0.9844	0.981
The elderly lady lived at home alone with many cats.	The lady lived at home alone with many cats.	0.78254229	0.947368421	0.983584317	2.852932501	0.923974569	0.982196629	0.990841806	0.987472117	0.954506397	0.957865834	0.827368011	0.775028159	0.788045645	0.847713947	0.694699526	0.71308744	0.635546565	-0.937958002	-0.772464335	-0.855212	-1.388034821	-1.794146419	-1.59109062	-1.115798831	-0.993992388	-1.05489561	0.9487	0.956	0.9478
The young lady lived at home alone with many cats.	The lady lived at home alone with many cats.	0.78254229	0.947368421	0.988332655	2.852932501	0.924717175	0.982384562	0.990503848	0.991839767	0.961941242	0.96053493	0.851122849	0.811059658	0.807059128	0.841791868	0.727137387	0.980097473	0.771141171	-0.823891819	-0.727897882	-0.7758941	-1.121552706	-1.465558052	-1.293555379	-0.973187208	-0.973676503	-0.973431855	0.9526	0.964	0.964
Kids are bullied against at school	Kids are against at school	0.254066374	0.909090909	0.976470588	1.934940079	0.833199857	0.927910507	0.933254242	0.934359193	0.797158122	0.752260864	0.686706697	0.619672483	0.554254318	0.646838546	0.275542736	0.001998416	0.44108814	-2.112173557	-2.839217901	-2.4756947	-2.396379948	-2.991304398	-2.693842173	-2.932833672	-4.096690178	-3.514761925	0.8486	0.843	0.856
Kids are discriminated against at school	Kids are against at school	0.254066374	0.909090909	0.976470588	1.934940079	0.809240177	0.911501586	0.937364876	0.928991854	0.704284072	0.670722246	0.672217661	0.581137121	0.524597392	0.616835475	0.137250543	0.52385211	0.278804302	-1.753391623	-2.581329823	-2.1673608	-0.775706947	-2.018654823	-1.397180885	-2.324090958	-4.658387184	-3.491239071	0.811	0.7935	0.809
"Tom is the typical old man, just sitting around on a bench all day, doing nothing."	"Tom is the typical man, just sitting around on a bench all day, doing nothing."	0.815355104	0.967741935	0.992200147	3.662709933	0.953893222	0.987168789	0.991194189	0.988681853	0.973376632	0.973702312	0.868290732	0.818001184	0.862365047	0.745898366	0.687490284	0.763261378	0.823692441	-0.512642741	-0.51193881	-0.5122905	-0.694233596	-0.896265626	-0.795249611	-0.853678405	-0.811120868	-0.832399637	0.967	0.983	0.981
"Tom is the typical young man, just sitting around on a bench all day, doing nothing."	"Tom is the typical man, just sitting around on a bench all day, doing nothing."	0.815355104	0.967741935	0.961589404	3.662709933	0.950816384	0.988521397	0.993711591	0.990075946	0.977182627	0.977241218	0.877293687	0.848593277	0.867618432	0.790619195	0.708622336	0.86526978	0.78937155	-0.475723714	-0.456440926	-0.46608278	-0.670507073	-0.91661185	-0.793559462	-0.802128732	-0.817403674	-0.809766203	0.972	0.981	0.981
The young couple were open minded and supportive of ideals belonging to the progressive left.	The couple were open minded and supportive of ideals belonging to the progressive left.	0.866641573	0.965517241	0.991460414	3.553531261	0.96490692	0.988512158	0.991888821	0.991198003	0.97629571	0.972286046	0.875757698	0.830937626	0.846001207	0.841363668	0.798116326	0.928490162	0.790775597	-0.707671881	-0.516098142	-0.6118846	-1.144817948	-0.936200559	-1.040509254	-0.847258866	-0.512079239	-0.679669052	0.969	0.9717	0.9727
The elderly couple were open minded and supportive of ideals belonging to the progressive left.	The couple were open minded and supportive of ideals belonging to the progressive left.	0.866641573	0.965517241	0.991460414	3.553531261	0.962233569	0.984265745	0.989726961	0.987103224	0.957088709	0.965878963	0.828000911	0.775178226	0.800142728	0.843464732	0.37623319	0.592630267	0.670054317	-0.800826371	-0.579581618	-0.69020367	-1.312924147	-0.820200086	-1.066562116	-0.974956095	-0.567180991	-0.771068543	0.962	0.966	0.9624