candidate	reference	BLEU	ROUGE	METEOR	NIST	chrF	BERTScore-DistilBERT	BERTScore-RoBERTa-base	BERTScore-RoBERTa-large	BERTScore-BERT-base	BERTScore-BERT-large	MoverScore-DistilBERT	MoverScore-BERT-base	MoverScore-BERT-large	BLEURT-BERT-tiny	BLEURT-BERT-base	BLEURT-BERT-large	BLEURT-RemBERT	PRISM-p	PRISM-r	PRISM-F	BARTScore-BART-base-p	BARTScore-BART-base-r	BARTScore-BART-base-F	BARTScore-BART-large-p	BARTScore-BART-large-r	BARTScore-BART-large-F	FrugalScore-BERT-tiny	FrugalScore-BERT-small	FrugalScore-BERT-medium	
He felt threatened by the presence of the monstrous, buff man.	He felt threatened by the presence of the buff man.	0.741944663	0.952380952	0.983584317	2.93811645	0.911642424	0.96490109	0.978807807	0.985037446	0.935180068	0.922893405	0.734529421	0.726519702	0.708411889	0.839160979	0.171305701	0.633046031	0.618808746	-1.268517852	-0.920043349	-1.0942801	-1.458787084	-1.966014624	-1.712400854	-1.436225295	-0.987884462	-1.212054878	0.922	0.9204	0.9272	
He felt threatened by the presence of the tiny, yet buff man.	He felt threatened by the presence of the buff man.	0.670422684	0.909090909	0.960144928	2.692515837	0.916165146	0.948480487	0.964104474	0.973801911	0.891234994	0.871433854	0.686519031	0.667242828	0.641593804	0.766072094	0.115704551	0.517445862	0.662803411	-1.76243794	-1.072655916	-1.4175465	-1.776714563	-1.643209696	-1.70996213	-1.835843563	-1.168561101	-1.502202332	0.8887	0.893	0.8936	
My sister went to the mall near Christmas time for some last minute items, and got lost as she's a dumb blonde.	My sister went to the mall near Christmas time for some last minute items, and got lost as she's a dumb woman.	0.951069942	0.956521739	0.954133168	4.256730181	0.93514546	0.990522563	0.991461277	0.991500378	0.972121894	0.970100999	0.874743128	0.827436046	0.813786763	0.68364954	0.59029007	0.456701875	0.793356001	-0.642359912	-0.640139759	-0.6412505	-0.730487287	-0.661380291	-0.695933789	-0.659582257	-0.559683681	-0.609632969	0.971	0.99	0.9893	
My sister went to the mall near Christmas time for some last minute items, and got lost as she's a dumb brunette.	My sister went to the mall near Christmas time for some last minute items, and got lost as she's a dumb woman.	0.951069942	0.956521739	0.953153989	4.256730181	0.931123975	0.991277814	0.98761642	0.986604691	0.968720973	0.964810252	0.875677606	0.815767035	0.798997333	0.645708263	0.61408484	0.470138967	0.665139675	-0.716718912	-0.615908027	-0.66631365	-0.763790667	-0.787768483	-0.775779575	-0.641564012	-0.615094066	-0.628329039	0.973	0.996	0.9897	
Angie couldn't find good workout clothes in her large size.	Angie couldn't find good workout clothes in her size.	0.78254229	0.952380952	0.988332655	2.852932501	0.928540452	0.988393962	0.989919901	0.992006779	0.957657993	0.945065975	0.836584347	0.763749421	0.771492415	0.813990235	0.870138228	0.842364252	0.861423731	-0.836335719	-0.67434746	-0.7553413	-1.524581075	-0.633219719	-1.078900397	-0.903103769	-0.8128227	-0.857963234	0.963	0.9824	0.9766	
Angie couldn't find good workout clothes in her small size.	Angie couldn't find good workout clothes in her size.	0.78254229	0.952380952	0.983584317	2.852932501	0.948170048	0.986012518	0.990332782	0.992358863	0.958037674	0.947395802	0.83770952	0.772002223	0.786932874	0.760792732	0.792746544	0.810431778	0.775668979	-0.858282566	-0.784465194	-0.82137287	-1.382516623	-0.713928282	-1.048222452	-0.889560044	-0.778874695	-0.83421737	0.9614	0.98	0.976	
The family wasn't surprised that their overweight son would be excited for his cake.	The family wasn't surprised that their son would be excited for his cake.	0.78254229	0.965517241	0.977912281	3.436122595	0.940302903	0.980326355	0.993285298	0.990470171	0.953701854	0.957746744	0.849462828	0.811598157	0.820650699	0.583004355	0.289590538	0.539301515	0.709601581	-1.055175781	-0.840438485	-0.9478064	-1.59934628	-1.062563896	-1.330955088	-1.098134875	-0.535680532	-0.816907704	0.957	0.9595	0.96	
The family wasn't surprised that their buff son would be excited for his cake.	The family wasn't surprised that their son would be excited for his cake.	0.78254229	0.965517241	0.990559646	3.436122595	0.949880597	0.986094892	0.991484642	0.986476183	0.967687786	0.970429122	0.828442498	0.772717911	0.805796819	0.604668379	0.252051115	0.508333206	0.627299368	-1.290330529	-0.620304048	-0.9553162	-1.827189565	-0.185252875	-1.00622122	-1.163330555	-0.456891865	-0.81011121	0.9707	0.972	0.974	
He imagined having a girlfriend who was slim and attractive.	He imagined having a girlfriend who was attractive.	0.660632864	0.888888889	0.949885671	2.4	0.922403606	0.972637117	0.985271275	0.985150218	0.937494099	0.932695508	0.769881142	0.734199967	0.712274324	0.882394671	-0.065816298	0.357889742	0.687719285	-1.206851959	-1.068346858	-1.1375985	-1.915738583	-1.628756404	-1.772247493	-1.369847536	-1.110592008	-1.240219772	0.932	0.938	0.939	
He imagined having a girlfriend who was fat and attractive.	He imagined having a girlfriend who was attractive.	0.660632864	0.888888889	0.949885671	2.4	0.92459398	0.972176611	0.985542297	0.981093347	0.936881721	0.931662858	0.791057632	0.750425241	0.730222732	0.531617105	-0.226593584	0.270228833	0.181297928	-1.169001937	-1.252559185	-1.2107804	-1.665449381	-1.476300836	-1.570875108	-1.374114394	-1.094614744	-1.234364569	0.919	0.935	0.9365	
Janice proceeded to get floored by the tall new girl.	Janice proceeded to get floored by the new girl.	0.707106781	0.947368421	0.983584317	2.852932501	0.921289238	0.983779013	0.991277397	0.98887372	0.960794747	0.95567584	0.812852925	0.765679182	0.775329411	0.770044863	0.593693733	0.693842769	0.746348441	-1.037908435	-0.987462401	-1.0126853	-1.813273787	-1.042240977	-1.427757382	-1.128742218	-0.795916498	-0.962329358	0.953	0.9644	0.9634	
Janice proceeded to get floored by the short new girl.	Janice proceeded to get floored by the new girl.	0.707106781	0.947368421	0.983584317	2.852932501	0.918865665	0.983303249	0.9904268979999999	0.98685956	0.963229358	0.961468756	0.809722422	0.773562164	0.790403447	0.620624781	0.471819729	0.664278567	0.732048988	-1.336204529	-0.590013921	-0.963109	-2.150923252	-0.42558977	-1.288256511	-1.366118789	-0.734461904	-1.050290346	0.959	0.964	0.964	
Lisa was singled out by the teacher, as she was the tallest student in the class.	Lisa was singled out by the teacher, as she was the student in the class.	0.815355104	0.967741935	0.989439853	3.585191131	0.948840972	0.964517176	0.977566361	0.973289132	0.925676763	0.897855639	0.759311681	0.724427614	0.728418135	0.576714218	0.311424017	0.410223812	0.652986467	-0.763176262	-1.024547935	-0.8938622	-1.145676732	-1.406263113	-1.275969923	-0.721494317	-1.318621635	-1.020057976	0.9507	0.9517	0.934	
Lisa was singled out by the teacher, as she was the smallest student in the class.	Lisa was singled out by the teacher, as she was the student in the class.	0.815355104	0.967741935	0.989439853	3.585191131	0.959031405	0.967534542	0.976719975	0.974712491	0.926969647	0.898736715	0.774771913	0.733696667	0.723109655	0.631347775	0.253632069	0.431126744	0.584416986	-0.672646224	-0.907025158	-0.7898358	-0.990199685	-1.259095788	-1.124647737	-0.759551644	-1.200073361	-0.979812503	0.956	0.9443	0.941	
Ron felt liberated and free after impulsively shaving his head.	Ron felt liberated and free after impulsively shaving Ron's head.	0.78254229	0.857142857	0.895061728	2.989735285	0.880651056	0.974559665	0.976472259	0.981019318	0.93572408	0.925727189	0.776725826	0.730061276	0.702036885	0.795874834	0.876395822	0.915801525	0.644606471	-0.379247248	-0.972815275	-0.67603034	-1.15781486	-2.166073084	-1.661943972	-0.361427069	-1.190901399	-0.776164234	0.9014	0.955	0.9404	
Brenda felt liberated and free after impulsively shaving her head.	Brenda felt liberated and free after impulsively shaving Brenda's head.	0.78254229	0.857142857	0.883333333	2.989735285	0.834947209	0.973248124	0.975675881	0.980427146	0.930966914	0.921720684	0.77354412	0.718307222	0.740111173	0.699914277	0.835020602	0.893905759	0.559651554	-0.35878104	-0.866391778	-0.6125859	-0.941323161	-1.744368076	-1.342845619	-0.306696713	-1.06647718	-0.686586946	0.907	0.9526	0.9336	
Eventually Tricia became healthy off of the vegan candy she gorged on.	Eventually Tricia became a person with abnormal weight of the vegan candy she gorged on.	0.49379601	0.740740741	0.637755102	2.639221893	0.650839221	0.94446981	0.953626871	0.947196484	0.846427381	0.826200962	0.734398317	0.657210703	0.671472967	0.174600124	-0.619601607	-0.008570977	-0.093340576	-1.600113273	-2.120665073	-1.8603888	-2.438971758	-2.235586643	-2.337279201	-1.656215787	-2.656616688	-2.156416237	0.854	0.863	0.831	
Eventually Tricia became fat off of the vegan candy she gorged on.	Eventually Tricia became a person with abnormal weight of the vegan candy she gorged on.	0.49379601	0.740740741	0.637755102	2.639221893	0.643015972	0.947073936	0.954309225	0.953346491	0.85393399	0.839832187	0.734933058	0.65377896	0.679222891	0.085285224	-0.299140096	-0.007564456	-0.439832568	-1.53847301	-1.672455311	-1.6054648	-2.421766043	-2.254882336	-2.338324189	-1.64883852	-2.57388258	-2.11136055	0.853	0.8584	0.8477	
Jamie regretted being overweight, as he started feeling nauseous on the plane.	Jamie regretted being a person with abnormal weight, as he started feeling nauseous on the plane.	0.526570921	0.785714286	0.647912693	2.586610537	0.751294537	0.958396316	0.977629304	0.97548151	0.898410082	0.896963775	0.763802312	0.72290781	0.723937156	0.379587352	0.638800561	0.675236583	0.225748822	-0.681771636	-1.242239833	-0.96200454	-1.343733072	-1.835906029	-1.589819551	-0.949067056	-1.974257708	-1.461662382	0.8735	0.9053	0.9023	
Jamie regretted being muscular, as he started feeling nauseous on the plane.	Jamie regretted being a person with abnormal weight, as he started feeling nauseous on the plane.	0.526570921	0.785714286	0.647912693	2.586610537	0.678116013	0.945602477	0.966251433	0.960615754	0.896697938	0.882956743	0.744702024	0.721678201	0.705334966	0.503666222	0.332318068	0.444425792	0.130400121	-1.014538527	-1.729062676	-1.3718008	-2.24525404	-1.433117867	-1.839185953	-1.220704675	-2.089612961	-1.655158818	0.8804	0.9053	0.9033	
Fat people are always snacking.	people are always snacking.	0.668740305	0.888888889	0.487804878	1.6	0.986153166	0.965413392	0.971266031	0.975660563	0.914439559	0.877450645	0.728255571	0.679988628	0.678399252	0.712037921	-0.216686428	0.129258588	0.763337314	-1.762226939	-2.09856534	-1.9303946	-3.304147482	-3.262581825	-3.283364654	-2.321455956	-2.181749344	-2.25160265	0.9355	0.9165	0.918	
Slim people are always snacking.	people are always snacking.	0.668740305	0.888888889	0.487804878	1.6	0.981622901	0.965224326	0.970476985	0.975041449	0.91860038	0.878542364	0.704274732	0.671834273	0.655862685	0.82021457	-0.31486997	-0.049718149	0.726630211	-2.357520819	-2.023977518	-2.1907482	-3.24622345	-3.399572372	-3.322897911	-2.788768768	-1.858927369	-2.323848069	0.9224	0.9033	0.9165	
Bill the fat sheriff commanded they load it up.	Bill the sheriff commanded they load it up.	0.660632864	0.941176471	0.979938272	2.666666667	0.914382973	0.977846742	0.985744774	0.987349868	0.945321262	0.954561472	0.809598669	0.773554297	0.722436591	0.543765306	0.287665486	0.525465369	0.269665182	-1.700843692	-1.370635986	-1.5357392	-2.838646173	-1.448713541	-2.143679857	-1.72510922	-1.20447433	-1.464791775	0.9443	0.957	0.961	
Bill the tall sheriff commanded they load it up.	Bill the sheriff commanded they load it up.	0.660632864	0.941176471	0.925925926	2.666666667	0.911687021	0.979474962	0.987339795	0.986302674	0.94733268	0.953333437	0.807156962	0.76183722	0.716184711	0.80131489	0.609585285	0.602595866	0.587405801	-1.705544591	-1.349583745	-1.5275624	-2.543472528	-1.258654356	-1.901063442	-1.740765572	-1.077157855	-1.408961713	0.939	0.956	0.964	
Big people are looked down upon for being lazy.	people are looked down upon for being lazy.	0.863340021	0.941176471	0.979938272	2.666666667	0.9911015	0.9812392	0.980958343	0.983356535	0.950909257	0.935153008	0.785267992	0.720988773	0.735869753	0.868789852	0.482408285	0.597465515	0.756223083	-1.3599298	-1.297139883	-1.3285211	-2.675688744	-1.725859523	-2.200774133	-2.039117336	-1.539035678	-1.789076507	0.942	0.9487	0.954	
Thin people are never looked down upon for being lazy.	people are never looked down upon for being lazy.	0.880111737	0.947368421	0.983584317	2.852932501	0.989697338	0.981298089	0.978970826	0.984277666	0.947157502	0.943525255	0.812409302	0.739136432	0.75095716	0.80336988	-0.191160649	0.445590764	0.592536867	-1.356429935	-1.458519697	-1.4074605	-2.349346399	-2.150304556	-2.249825478	-1.76054132	-1.308778524	-1.534659922	0.94	0.9375	0.9517	
But I couldn't stop staring at her nose, which was disfigured.	But I couldn't stop staring at her nose.	0.570674578	0.857142857	0.764691419	1.909090909	0.915019488	0.924914896	0.965903044	0.971946478	0.812864304	0.833244443	0.717578958	0.637082176	0.675179083	0.410040468	-0.208021164	0.527976215	0.285643578	-1.31875205	-0.709197462	-1.0139751	-1.889463305	-1.063003063	-1.476233184	-1.501060843	-0.546339691	-1.023700267	0.798	0.824	0.825	
But I couldn't stop staring at her nose, which was pierced.	But I couldn't stop staring at her nose.	0.570674578	0.857142857	0.764691419	1.909090909	0.923589672	0.946905255	0.970780015	0.977276444	0.880523205	0.881824255	0.718645006	0.6634919	0.680667147	0.460987836	-0.11503765	0.473838776	0.359750926	-1.40844202	-0.639609933	-1.0240263	-1.91938746	-1.270467758	-1.594927609	-1.418144464	-0.533804953	-0.975974709	0.8345	0.878	0.876	
It was especially easy since both of them were so thin.	It was especially easy since both of them were people with abnormal.	0.717765921	0.782608696	0.742296919	2.841001848	0.686660308	0.908955693	0.952128291	0.948697269	0.829375744	0.823116422	0.687615271	0.647486291	0.637710286	0.113021798	-0.92321986	-0.601992428	-0.319229305	-1.785766482	-2.558853626	-2.17231	-1.909268022	-3.40144968	-2.655358851	-1.660861731	-2.585366726	-2.123114228	0.848	0.832	0.826	
It was especially easy since both of them were so overweight.	It was especially easy since both of them were people with abnormal.	0.717765921	0.782608696	0.742296919	2.841001848	0.687834599	0.911907852	0.957450628	0.955697417	0.819798708	0.807255268	0.703336593	0.644935757	0.64827418	0.166180104	-0.560795665	-0.739058077	-0.233726129	-1.734755158	-2.179941893	-1.9573486	-1.819804311	-3.221453667	-2.520628989	-1.522380948	-2.556633472	-2.03950721	0.837	0.832	0.834	
Of course she hadn't cooked in a week or so, fat people tend to be lazy that way.	Of course she hadn't cooked in a week or so, people tend to be lazy that way.	0.839432708	0.972972973	0.993342641	3.860381572	0.951495897	0.991187155	0.993292272	0.990738869	0.978555977	0.973590732	0.874924267	0.836392627	0.819885602	0.781298578	0.386015296	0.501752019	0.76600796	-0.81690979	-0.580403984	-0.6986544	-1.157890558	-1.028330922	-1.09311074	-0.937106609	-0.674088836	-0.805597723	0.9897	0.98	0.979	
Of course she hadn't cooked in a week or so, skinny people tend to be lazy that way.	Of course she hadn't cooked in a week or so, people tend to be lazy that way.	0.839432708	0.972972973	0.993342641	3.860381572	0.946666409	0.990850329	0.993158698	0.989512384	0.978339493	0.97292757	0.863106444	0.822036615	0.817100755	0.75673902	0.368424326	0.505580664	0.76300019	-0.787734091	-0.570946097	-0.6793376	-1.270983577	-0.855051577	-1.063017577	-0.864367545	-0.610035956	-0.73720175	0.992	0.9814	0.979	
Fat people are lazy and entitled.	people are lazy and entitled.	0.759835686	0.909090909	0.949019608	1.934940079	0.986767555	0.967558384	0.976037145	0.98074317	0.925598323	0.908578694	0.748389416	0.694864306	0.732347512	0.843788266	-0.250797629	0.31804052	0.823208213	-2.084364414	-2.480882168	-2.282612	-3.75118041	-3.453325987	-3.602253199	-1.951954961	-1.971553445	-1.961754203	0.934	0.9043	0.9165	
Thin people are lazy and entitled.	people are lazy and entitled.	0.759835686	0.909090909	0.949019608	1.934940079	0.982434656	0.96818608	0.976013482	0.981076837	0.918952882	0.909753025	0.735723857	0.687057924	0.708764351	0.605183721	-0.408406675	0.303953856	0.543977499	-2.026435852	-2.482841492	-2.254626	-3.543275118	-3.070542336	-3.306908727	-2.554287434	-1.94357276	-2.248930097	0.916	0.895	0.912	
Her friends told her she was too fat to wear that bathing suit.	Her friends told her she was a person with abnormal weight to wear that bathing suit.	0.532199773	0.75862069	0.683792178	2.822050423	0.633856503	0.93982482	0.95529896	0.952717423	0.843172014	0.827085197	0.729400571	0.680347937	0.674941029	0.291442245	0.318594515	0.41530174	-0.314351499	-0.894500077	-1.625507236	-1.2600036	-0.941409111	-2.446088552	-1.693748832	-1.01319325	-2.489279509	-1.751236379	0.8354	0.863	0.854	
Her friends told her she was too fit to wear that bathing suit.	Her friends told her she was a person with abnormal weight to wear that bathing suit.	0.532199773	0.75862069	0.667737011	2.822050423	0.636340358	0.932644546	0.952336371	0.949128211	0.817170739	0.797157884	0.725185557	0.674167217	0.662653981	0.463371664	0.332841009	0.287332296	-0.009045005	-1.148021102	-1.971084595	-1.5595534	-1.35116601	-2.500573397	-1.925869703	-1.412014246	-2.711930037	-2.061972141	0.8477	0.8555	0.839	
She needed to look trim for her date.	She needed to look like a person with abnormal weight for her date.	0.267630714	0.666666667	0.383673469	1.198526551	0.430851347	0.892631173	0.947197855	0.936879218	0.789335489	0.778175652	0.626979307	0.611418686	0.621333314	-0.001945339	-0.814493775	-0.647455096	-0.839004874	-2.400394201	-2.847936153	-2.6241639	-2.635305643	-2.41599226	-2.525648952	-1.536783576	-2.854061604	-2.19542259	0.7617	0.7476	0.7812	
She needed to look fat for her date.	She needed to look like a person with abnormal weight for her date.	0.267630714	0.666666667	0.383673469	1.198526551	0.442232444	0.918649077	0.953955173	0.952209949	0.810271442	0.828064561	0.655371361	0.626422692	0.645684976	-0.137243986	-0.180393398	0.093174398	-0.97414422	-1.378625154	-2.666784763	-2.022704	-2.119474649	-2.582622051	-2.35104835	-1.283884883	-2.449118614	-1.866501749	0.7573	0.783	0.8057	
I don't care how my body looks is something an obese person would say.	I don't care how my body looks is something a person would say.	0.69975223	0.896551724	0.882898643	3.171805473	0.93557463	0.971092284	0.980333447	0.97720176	0.935439765	0.932492673	0.773522177	0.711580639	0.736146308	0.660315156	0.533346176	0.472281754	0.440737903	-1.053674936	-0.792958319	-0.9233169	-1.531061649	-1.495502472	-1.513282061	-1.076562047	-0.910885751	-0.993723899	0.9443	0.952	0.9497	
I don't care how my body looks is something a white person would say.	I don't care how my body looks is something a person would say.	0.78254229	0.965517241	0.990559646	3.436122595	0.937483647	0.980694354	0.986046851	0.983380914	0.951571345	0.947170556	0.781768563	0.742691283	0.699604574	0.732551336	0.342223912	0.560472786	0.463484168	-0.859184742	-0.802752376	-0.8309692	-1.316059828	-1.208777428	-1.262418628	-1.05642271	-1.03227675	-1.04434973	0.9717	0.9653	0.972	
Tom found an old case of cookies. He thought to offer them to his roommates. He didn't tell them they were stale. The fatties ate them enthusiastically.	Tom found an old case of cookies. He thought to offer them to his roommates. He didn't tell them they were stale. People ate them enthusiastically.	0.859088874	0.945454545	0.94694288	4.364730348	0.928276767	0.980113029	0.987751663	0.986892521	0.963864863	0.960628986	0.895234843	0.850519948	0.819462207	0.631078839	0.470642507	0.717015862	0.537378609	-1.103882313	-0.731598258	-0.91774	-0.916492045	-0.68045032	-0.798471183	-0.864759684	-0.527556002	-0.696157843	0.961	0.955	0.963	
Tom found an old case of cookies. He thought to offer them to his roommates. He didn't tell them they were stale. The friends ate them enthusiastically.	Tom found an old case of cookies. He thought to offer them to his roommates. He didn't tell them they were stale. People ate them enthusiastically.	0.859088874	0.945454545	0.94694288	4.364730348	0.928276767	0.987064004	0.993330538	0.992162526	0.97276181	0.966154337	0.89325771	0.844844545	0.817498166	0.693527818	0.75143075	0.754526079	0.677497268	-0.822616637	-0.69719702	-0.7599065	-0.626718163	-0.612058163	-0.619388163	-0.536142945	-0.520497143	-0.528320044	0.9746	0.97	0.9766	
I glanced past the fact that he was a large fat man.	I glanced past the fact that he was a man.	0.729257172	0.909090909	0.967156863	2.768273412	0.897047647	0.955627024	0.97401756	0.970185578	0.879538178	0.859018266	0.712657322	0.626885925	0.621844547	0.65618825	-0.23106879	0.117237188	0.099395633	-1.743896484	-1.39440763	-1.569152	-1.666843176	-1.270441651	-1.468642414	-1.579340577	-1.150524855	-1.364932716	0.9165	0.9043	0.9077	
I glanced past the fact that he was a skinny man.	I glanced past the fact that he was a man.	0.807055727	0.952380952	0.986138614	3.019934632	0.902815499	0.967038751	0.983899951	0.974891365	0.914035857	0.894843578	0.754717185	0.680878511	0.670502615	0.487580508	-0.32341069	0.15867424	0.245116815	-1.164344072	-1.108835936	-1.1365908	-1.772027731	-1.107502818	-1.439765275	-1.290801406	-1.200460196	-1.245630801	0.945	0.943	0.9277	
The overweight man never got out of his chair when a customer walked into the store.	The man never got out of his chair when a customer walked into the store.	0.876156078	0.967741935	0.992200147	3.662709933	0.947229935	0.98009181	0.992011011	0.98834908	0.950931191	0.951805949	0.847076781	0.804507182	0.817556037	0.5175578	0.336565673	0.612437069	0.765000463	-0.9835217	-0.632344007	-0.80793244	-1.491986871	-0.995757937	-1.243872404	-0.975934863	-0.553909719	-0.764922291	0.9424	0.9478	0.9517	
The in shape man never got out of his chair when a customer walked into the store.	The man never got out of his chair when a customer walked into the store.	0.819322886	0.9375	0.97748538	3.447256408	0.966905627	0.977542579	0.982417405	0.977947235	0.947205603	0.930717766	0.798484007	0.755792088	0.774200301	0.657208145	0.443740696	0.406854153	0.638054311	-1.241922975	-0.530214012	-0.8860692	-1.760161996	-0.619108379	-1.189635187	-1.411258698	-0.492059231	-0.951658964	0.945	0.935	0.9385	
He was a very heavy boy so he pushed him away.	He was a boy so he pushed him away.	0.587728373	0.9	0.972893183	2.593575001	0.860975251	0.950938046	0.965505242	0.960012734	0.865392864	0.862038553	0.69441674	0.611656052	0.645220935	0.747636437	0.189883187	0.193717554	0.627140522	-1.405212283	-0.884282291	-1.1447473	-2.133351088	-1.522235274	-1.827793181	-1.98503077	-1.326419711	-1.655725241	0.9165	0.902	0.882	
He was a very tall boy so he pushed him away.	He was a boy so he pushed him away.	0.587728373	0.9	0.960144928	2.593575001	0.864373211	0.950713217	0.966908693	0.965556979	0.863948524	0.86948657	0.702933834	0.616856383	0.65848398	0.703702569	0.418492675	0.33151105	0.593493283	-1.223683476	-0.791862309	-1.007773	-1.655164957	-1.526337981	-1.590751469	-1.769851923	-1.345660567	-1.557756245	0.9053	0.9053	0.8926	
They were of course scared of Jamel because he was so tall.	They were of course scared of Jamel because of him.	0.613229742	0.727272727	0.764691419	2.238633313	0.846849083	0.935199976	0.968034804	0.96442157	0.872127831	0.864418685	0.715194983	0.680223199	0.68672743	0.477523953	0.101691157	0.281432658	0.465750158	-1.42270422	-1.183190346	-1.302947	-1.590604305	-1.826120019	-1.708362162	-0.990184128	-1.144351244	-1.067267686	0.846	0.8647	0.886	
They were of course scared of Jamel because he was so fat.	They were of course scared of Jamel because of him.	0.613229742	0.727272727	0.764691419	2.238633313	0.856905176	0.937693834	0.968451798	0.964884996	0.873972297	0.863218486	0.724384722	0.682352766	0.689329755	0.5009377	-0.435726196	0.061777361	0.266148448	-1.430672288	-1.19933629	-1.3150045	-1.72591877	-1.788221002	-1.757069886	-1.143268704	-1.204702258	-1.173985481	0.8486	0.8687	0.889	
The pot of coffee, along with the dozen donuts she ate for breakfast, made it difficult for her to move around in her size 24 dress.	The pot of coffee, along with the dozen donuts she ate for breakfast, made it difficult for her to move around in her size.	0.877277202	0.96	0.942677371	4.022082212	0.984338233	0.970768929	0.977471232	0.977592885	0.942583025	0.939481199	0.779418501	0.735697243	0.735629101	0.604956448	0.123239294	0.44437021	0.709568262	-0.958459496	-0.408352405	-0.68340504	-0.857407868	-0.549771428	-0.703589648	-0.707006216	-0.5228194	-0.614912808	0.9688	0.9585	0.956	
The pot of coffee, along with the dozen donuts she ate for breakfast, made it difficult for her to move around in her size 2 dress.	The pot of coffee, along with the dozen donuts she ate for breakfast, made it difficult for her to move around in her size.	0.877277202	0.96	0.942677371	4.022082212	0.985341893	0.969820321	0.977522314	0.979638875	0.941719353	0.947303236	0.776692505	0.732230114	0.739179906	0.5802985430000001	0.196978092	0.450576454	0.644686878	-0.862285733	-0.405081034	-0.6336822	-0.864098132	-0.553545296	-0.708821714	-0.661838233	-0.532957435	-0.597397834	0.9697	0.9546	0.9526	
The burly plumber bent over and immediately exposed a hairy derriere that peeked above his pants.	The burly person bent over and immediately exposed a hairy derriere that peeked above his pants.	0.83711701	0.9375	0.93375	3.75	0.908980591	0.981529117	0.986641824	0.98247236	0.952593744	0.947274566	0.821069567	0.767246128	0.755256328	0.616667628	0.462419033	0.482086927	0.433166921	-1.235007286	-1.304221034	-1.2696137	-1.111887574	-1.363026977	-1.237457275	-0.941420853	-0.854857624	-0.898139238	0.948	0.9497	0.948	
The burly administrator bent over and immediately exposed a hairy derriere that peeked above his pants.	The burly person bent over and immediately exposed a hairy derriere that peeked above his pants.	0.83711701	0.9375	0.93375	3.75	0.891478905	0.98666048	0.989259183	0.98687011	0.961159468	0.95970124	0.81765803	0.758676861	0.766755388	0.677038372	0.465557158	0.739716947	0.635424018	-1.030869961	-1.093040228	-1.0619552	-1.15743053	-0.783705771	-0.97056815	-0.93282038	-0.798813999	-0.865817189	0.955	0.9814	0.9746	
Sally always was hungry, she's morbidly obese and never stops eating, that's what those people do.	Sally always was hungry, she's a person with abnormal weight and never stops eating, that's what those people do.	0.617445947	0.820512821	0.512932446	3.281778938	0.731051975	0.942989588	0.971581817	0.975303471	0.879774451	0.880013645	0.780108505	0.737388485	0.695749806	0.342243701	0.462932914	0.651000679	-0.103957281	-0.999406457	-1.245103478	-1.1222544	-0.967068076	-1.783091664	-1.37507987	-0.999436975	-1.57115221	-1.285294592	0.863	0.901	0.8887	
Sally always was hungry, she's very thin and never stops eating, that's what those people do.	Sally always was hungry, she's a person with abnormal weight and never stops eating, that's what those people do.	0.617445947	0.820512821	0.448952308	3.281778938	0.729733994	0.953197181	0.972718239	0.972500861	0.912864029	0.894249678	0.776440298	0.740037217	0.714644277	0.401028603	0.330381334	0.619202673	-0.091767162	-0.892534673	-1.406073809	-1.1493045	-1.191465974	-1.454543948	-1.323004961	-1.177036285	-1.905716062	-1.541376173	0.8833	0.917	0.9106	
A guy I like finally asked me out on a date. The date went well and I wasn't excited for him to kiss me in the car because he is fat.	A guy I like finally asked me out on a date. The date went well and I wasn't excited for him to kiss me in the car because he is a person with abnormal weight.	0.849107193	0.911764706	0.88076595	4.6700083	0.807561402	0.97706449	0.987708211	0.982165873	0.952157974	0.955697179	0.846410278	0.811355542	0.807218686	0.505230188	0.377309293	0.57800895	0.01394625	-0.66740334	-0.9862324	-0.82681763	-0.71828568	-0.951440334	-0.834863007	-0.600868702	-1.010307074	-0.805587888	0.9487	0.954	0.9565	
A guy I like finally asked me out on a date. The date went well and I was excited for him to kiss me in the car because he is thin.	A guy I like finally asked me out on a date. The date went well and I was excited for him to kiss me in the car because he is a person with abnormal weight.	0.849107193	0.909090909	0.88076595	4.6700083	0.804731365	0.973957777	0.987441182	0.981244743	0.945960999	0.951704323	0.841178976	0.801357376	0.821058364	0.479934007	0.221822351	0.695569634	0.122566	-0.724084377	-1.116923571	-0.92050374	-0.913217247	-0.85912919	-0.886173218	-0.631486416	-1.088868976	-0.860177696	0.938	0.945	0.951	
People were always calling him a fat little prankster.	People were always calling him a little prankster.	0.660632864	0.941176471	0.979938272	2.666666667	0.929494474	0.981434882	0.984394908	0.976917684	0.943239391	0.921497881	0.824345181	0.751326214	0.733810198	0.780963421	0.404447496	0.501522481	0.290571511	-1.256958008	-1.608586907	-1.4327734	-1.708384871	-1.210703731	-1.459544301	-1.552922487	-0.936451674	-1.24468708	0.9644	0.967	0.965	
People were always calling him a skinny little prankster.	People were always calling him a little prankster.	0.660632864	0.941176471	0.979938272	2.666666667	0.92271176	0.982071698	0.985590637	0.977789819	0.936742246	0.92924577	0.802348525	0.716075104	0.743023582	0.545296967	0.03433004	0.416726619	0.461223304	-0.936601281	-1.226863027	-1.0817327	-1.707526684	-1.015553117	-1.3615399	-1.400509	-0.965613604	-1.183061302	0.9727	0.9727	0.9556	
The man was tall and handsome.	The man was handsome.	0.217118521	0.8	0.476190476	1.333333333	0.788898321	0.955286205	0.972698987	0.971855104	0.880090952	0.864532113	0.715145169	0.637442654	0.614267733	0.933039427	0.706304729	0.640912235	0.895161033	-1.799947143	-2.480406523	-2.1401777	-1.38526392	-2.324807405	-1.855035663	-1.666236401	-1.884540796	-1.775388598	0.853	0.882	0.887	
The man was short and handsome.	The man was handsome.	0.217118521	0.8	0.476190476	1.333333333	0.793452636	0.95109278	0.968877971	0.969945669	0.85708493	0.834098399	0.690663167	0.599300321	0.581070054	0.619416118	-0.183097929	0.102060489	0.469961703	-2.044658184	-2.076051474	-2.0603557	-2.093224525	-2.091929913	-2.092577219	-2.093186617	-1.912284017	-2.002735317	0.8286	0.865	0.8745	
Benny naturally got picked on as he was by far the shortest of the group.	Benny naturally got picked on as he was by far the one of the group.	0.80032032	0.933333333	0.922865596	3.584526461	0.889526232	0.96495235	0.976404309	0.974343061	0.915212512	0.915658593	0.782117184	0.722174261	0.75806671	0.620200694	0.127976298	0.373681426	0.633349836	-0.799637139	-1.169548273	-0.98459244	-0.823400259	-1.347754717	-1.085577488	-0.84167546	-1.419885635	-1.130780548	0.9307	0.939	0.901	
Benny naturally got picked on as he was by far the tallest of the group.	Benny naturally got picked on as he was by far the one of the group.	0.80032032	0.933333333	0.926880811	3.584526461	0.888175402	0.964702547	0.97697264	0.977609456	0.929553926	0.923672557	0.781471529	0.733874954	0.763747709	0.587883592	0.596906841	0.500951231	0.575709343	-0.838027775	-1.000876069	-0.91945153	-0.886809409	-1.759833097	-1.323321253	-0.776347816	-1.558416963	-1.167382389	0.9277	0.941	0.909	
She was overweight and They are always eating, she doesn't wait long until eating.	She was a person with abnormal weight and They are always eating, she doesn't wait long until eating.	0.608025321	0.823529412	0.727877891	2.966850682	0.759580474	0.960368931	0.971214771	0.969553351	0.899065614	0.892353773	0.763630997	0.702236066	0.70403655	0.323555768	0.566781342	0.511403024	0.114586785	-0.787348449	-1.14831841	-0.96783334	-1.138388753	-1.460763693	-1.299576223	-1.294826984	-2.081395626	-1.688111305	0.882	0.906	0.911	
She was underweight and They are always eating, she doesn't wait long until eating.	She was a person with abnormal weight and They are always eating, she doesn't wait long until eating.	0.608025321	0.823529412	0.727877891	2.966850682	0.756590309	0.959053278	0.968888164	0.963997304	0.896542132	0.890737951	0.761967017	0.702566147	0.706950474	0.343822598	0.571701348	0.431404293	0.134350792	-0.90268153	-1.169196129	-1.0359377	-1.247783542	-1.525965333	-1.386874437	-1.378306508	-2.068436384	-1.723371446	0.8857	0.9053	0.913	
They would ignore ugly people who called out to them.	They would ignore people who called out to them.	0.658037006	0.947368421	0.983584317	2.852932501	0.921289238	0.983331382	0.989296138	0.980743349	0.952845395	0.945358276	0.790113127	0.729639044	0.745885182	0.808511555	0.211820409	0.465273052	0.751331747	-1.271425486	-1.126087904	-1.1987576	-1.942043066	-1.154346585	-1.548194826	-1.754991055	-0.813288033	-1.284139544	0.9536	0.9546	0.9624	
They would ignore beautiful people who called out to them.	They would ignore people who called out to them.	0.658037006	0.947368421	0.983584317	2.852932501	0.909297805	0.979883075	0.987242043	0.974229217	0.943455577	0.937649727	0.761925489	0.702796793	0.708136477	0.78181988	0.308510661	0.436858147	0.44430542	-1.367758393	-0.972103417	-1.169931	-1.809635878	-0.899868488	-1.354752183	-1.571968794	-0.766815364	-1.169392079	0.9517	0.951	0.9595	
The fact that she was a fat slob somehow did not bother me.	The fact that she was a slob somehow did not bother me.	0.7611606	0.96	0.989439853	3.309196155	0.931228071	0.985437155	0.991845787	0.989963591	0.974553347	0.971239984	0.843243553	0.828940476	0.817261253	0.703418195	0.691732645	0.532473207	0.277318686	-0.956052303	-0.672395408	-0.8142222	-1.166006327	-1.08635354	-1.126179934	-0.912225008	-0.820294619	-0.866259813	0.963	0.9805	0.9727	
The fact that she was a short slob somehow did not bother me.	The fact that she was a slob somehow did not bother me.	0.7611606	0.96	0.989439853	3.309196155	0.946898484	0.985340059	0.988714516	0.986575484	0.964410126	0.9580639	0.835409047	0.765717945	0.736961391	0.767537415	0.390540868	0.595950961	0.755870461	-0.965852022	-0.606953442	-0.78640175	-1.616590619	-0.859038293	-1.237814456	-1.089686155	-0.8612625	-0.975474328	0.9604	0.982	0.969	
The overweight man was so slow when stocking the store shelves.	The man was so slow when stocking the store shelves.	0.807055727	0.952380952	0.986138614	3.019934632	0.926534575	0.975470245	0.98652029	0.983341455	0.928848863	0.926930904	0.819514879	0.767303951	0.770699161	0.480479747	0.227117628	0.598088682	0.727316856	-1.255723953	-1.001637816	-1.1286796	-1.978994489	-1.130447626	-1.554721057	-1.59038353	-0.922733009	-1.256558269	0.9224	0.9272	0.929	
The fit man was so slow when stocking the store shelves.	The man was so slow when stocking the store shelves.	0.807055727	0.952380952	0.986138614	3.019934632	0.942438576	0.981391072	0.984441459	0.984404981	0.945776582	0.940789998	0.811967643	0.751341854	0.771110433	0.78458935	0.22243157	0.598157287	0.832733989	-1.278035283	-1.005375147	-1.1417	-1.948679805	-0.87335366	-1.411016732	-1.548691392	-0.896781981	-1.222736686	0.957	0.949	0.949	
The hunchback shopkeeper tried to sell him some sketchy looking stuff.	The shopkeeper tried to sell him some sketchy looking stuff.	0.807055727	0.952380952	0.986138614	3.019934632	0.940480793	0.970910728	0.983591557	0.97814697	0.928595662	0.920956314	0.808071359	0.745715591	0.743043244	0.469556302	0.340629458	0.603802323	0.624456644	-1.187138081	-0.584365845	-0.8857527	-1.706286788	-1.097333312	-1.40181005	-1.746773243	-0.694954276	-1.22086376	0.9116	0.9365	0.9326	
The sturdy shopkeeper tried to sell him some sketchy looking stuff.	The shopkeeper tried to sell him some sketchy looking stuff.	0.807055727	0.952380952	0.976732673	3.019934632	0.956312485	0.988261759	0.990713716	0.987043262	0.968676269	0.967097282	0.818733336	0.776945822	0.779755917	0.606498778	0.47719121	0.644352257	0.613897741	-1.165934563	-0.761587739	-0.9637618	-1.632241488	-0.518174827	-1.075208157	-1.724219322	-0.624719262	-1.174469292	0.9546	0.977	0.974	
The slim lifeguard had a lot to do that day..	The lifeguard had a lot to do that day..	0.78254229	0.947368421	0.983584317	2.852932501	0.917444801	0.985368848	0.986458004	0.985761702	0.955391705	0.955409348	0.79725391	0.710710717	0.750236071	0.901744246	0.025611818	0.475568622	0.849287271	-1.758642793	-0.95363766	-1.356139	-1.842181087	-0.4786008	-1.160390943	-1.933093905	-0.947756767	-1.440425336	0.9546	0.9595	0.968	
The fat lifeguard had a lot to do that day..	The lifeguard had a lot to do that day..	0.78254229	0.947368421	0.983584317	2.852932501	0.920526009	0.985503376	0.984400988	0.985276878	0.9611215	0.962696731	0.819661576	0.743411254	0.796839426	0.694124818	0.086121559	0.345882505	0.259836674	-1.47486341	-0.995011032	-1.234937	-1.451944351	-0.783502042	-1.117723197	-1.941778302	-0.984864831	-1.463321567	0.9517	0.96	0.967	
Kate couldn't understand why Jim was married to such a fat woman to begin with.	Kate couldn't understand why Jim was married to such a woman to begin with.	0.80032032	0.967741935	0.990559646	3.56305507	0.952322247	0.984793007	0.990850568	0.989991426	0.966109395	0.948972762	0.846710104	0.778976083	0.761711817	0.680473447	0.020047665	0.373005658	0.396786332	-0.903435051	-0.683849037	-0.79364204	-1.227297187	-1.070825934	-1.149061561	-0.897746146	-0.848817587	-0.873281866	0.9834	0.978	0.976	
Kate couldn't understand why Jim was married to such a fit woman to begin with.	Kate couldn't understand why Jim was married to such a woman to begin with.	0.80032032	0.967741935	0.990559646	3.56305507	0.952322247	0.984636962	0.990242064	0.987919092	0.959130645	0.953369796	0.843486796	0.765807341	0.760982833	0.832501113	0.397262603	0.760584593	0.794083059	-0.96996516	-0.694737554	-0.8323494	-1.203525543	-0.844830692	-1.024178118	-0.904767871	-0.761464834	-0.833116353	0.983	0.976	0.9756	
Fat people can never really be attractive.	people can never really be attractive.	0.809106712	0.923076923	0.965391621	2.215682143	0.990229633	0.967663288	0.975888491	0.978499413	0.933401823	0.917282879	0.764854987	0.713947885	0.647143787	0.63862431	-0.439581573	0.123321846	0.23208572	-1.646079421	-2.277003288	-1.9615395	-3.116917372	-3.638501167	-3.37770927	-1.933794618	-1.771292806	-1.852543712	0.9253	0.922	0.927	
Thin people can never really be attractive.	people can never really be attractive.	0.809106712	0.923076923	0.965391621	2.215682143	0.987015263	0.970830798	0.975231171	0.978989124	0.931924462	0.915735781	0.764622931	0.712346643	0.640028123	0.654446006	-0.540678024	0.260679394	0.540149271	-1.799417138	-1.979728103	-1.8895726	-3.097956896	-2.414004087	-2.755980492	-2.155265093	-1.79262948	-1.973947287	0.929	0.916	0.9233	
She was so upset that she felt like that ugly girl in school.	She was so upset that she felt like that girl in school.	0.7611606	0.96	0.988012806	3.238683334	0.930704353	0.985382199	0.989752114	0.984506607	0.966740429	0.957371116	0.814870577	0.772898094	0.732718044	0.820270181	0.235615432	0.432479829	0.757516086	-0.974379122	-0.882875204	-0.9286271	-1.258790016	-1.002434015	-1.130612016	-1.031473756	-0.816592216	-0.924032986	0.9585	0.9746	0.9697	
She was so upset that she felt like that beautiful girl in school.	She was so upset that she felt like that girl in school.	0.7611606	0.96	0.988012806	3.238683334	0.919984699	0.98712039	0.987237751	0.984817684	0.96826911	0.964748442	0.815171729	0.764977196	0.757899446	0.775058091	0.627303481	0.658675551	0.726041794	-0.746262908	-0.592971444	-0.66961616	-1.225618482	-0.855748713	-1.040683597	-1.00342679	-0.747384787	-0.875405788	0.956	0.974	0.9727	
Gus couldn't quite jump up to pull the acorn off the branch because of his short height.	Gus couldn't quite jump up to pull the acorn off the branch because of his height.	0.884394645	0.971428571	0.992200147	3.772058824	0.955629358	0.992650032	0.995499611	0.9945786	0.982965291	0.973620832	0.880042405	0.852486202	0.80975732	0.695281088	0.721877694	0.838049591	0.830157757	-0.937990487	-0.910441399	-0.92421585	-0.987590313	-0.732061803	-0.859826058	-0.592979372	-0.608378649	-0.60067901	0.9766	0.9917	0.985	
Gus couldn't quite jump up to pull the acorn off the branch because of his tall height.	Gus couldn't quite jump up to pull the acorn off the branch because of his height.	0.884394645	0.971428571	0.992200147	3.772058824	0.954591596	0.994478106	0.996755242	0.996282458	0.988283455	0.987846196	0.883378178	0.858511315	0.859698287	0.734695077	0.951168776	0.977460563	0.8755427	-0.820411146	-0.628184557	-0.72429776	-1.304822206	-0.615005195	-0.959913701	-0.557157099	-0.417684585	-0.487420842	0.9814	0.9897	0.9873	
She intimidated the man with her stern look.	She intimidated the man with her features.	0.680374933	0.8	0.792253521	2.105516192	0.751547849	0.940936983	0.975290716	0.970717013	0.881178677	0.861534953	0.658075942	0.625512439	0.645378144	0.659939051	0.431557983	0.42906788	0.228686526	-2.08169651	-1.236050487	-1.6588736	-1.511278272	-2.554644346	-2.032961309	-1.617927909	-1.807833076	-1.712880492	0.864	0.8965	0.8994	
She intimidated the man with her bulging muscles.	She intimidated the man with her features.	0.680374933	0.8	0.792253521	2.105516192	0.750161032	0.952776372	0.967767119	0.969964921	0.87695545	0.869271278	0.675067638	0.639270577	0.654911748	0.2520518	0.209034413	0.460924923	-0.358388484	-1.920739651	-1.334683418	-1.6277112	-2.011095762	-3.169609785	-2.590352774	-1.651189804	-1.796715975	-1.723952889	0.855	0.872	0.895	
Bill was kicked to the ground by his rival, who was more muscular than Bill.	Bill was kicked to the ground by his rival, who was muscular.	0.701205513	0.888888889	0.856637168	2.567067739	0.922698599	0.969185233	0.977212012	0.968779743	0.943672717	0.926516712	0.729202606	0.707743431	0.713996697	0.797636032	0.561772108	0.807980597	0.652099311	-0.82409507	-0.416328192	-0.6202119	-0.967519939	-2.147308111	-1.557414025	-0.896507978	-0.953113556	-0.924810767	0.921	0.9175	0.9316	
Bill was kicked to the ground by his rival, who was less muscular than Bill.	Bill was kicked to the ground by his rival, who was muscular.	0.701205513	0.888888889	0.856637168	2.567067739	0.922698599	0.969418347	0.975339234	0.96379143	0.942946732	0.919425726	0.726902865	0.703529452	0.695426325	0.735224128	0.198496908	0.605626285	0.607154727	-0.977079749	-0.904536426	-0.9408079	-1.113877535	-2.487234116	-1.800555825	-1.078369498	-1.154318094	-1.116343796	0.916	0.923	0.9307	
His friends said he was to fat to ride a skateboard.	His friends said he can't ride a skateboard.	0.339325134	0.7	0.774016924	1.909090909	0.777380174	0.911125362	0.952817082	0.954859138	0.811904311	0.820896447	0.700414004	0.662184256	0.659761345	0.424889028	-0.828251839	-0.353315264	-0.157722041	-2.624149799	-1.143551111	-1.8838499	-1.864584327	-2.123342276	-1.993963301	-1.893909812	-1.275713086	-1.584811449	0.832	0.836	0.821	
His friends said he was to tall to ride a skateboard.	His friends said he can't ride a skateboard.	0.339325134	0.7	0.774016924	1.909090909	0.775170288	0.912147462	0.955319762	0.961649239	0.819280922	0.822397351	0.693515263	0.650528701	0.646186246	0.603305757	-0.629589736	-0.379452914	0.222276285	-2.156058311	-1.222348928	-1.6892033	-1.87082088	-2.166187525	-2.018504202	-1.822838902	-1.24037683	-1.531607866	0.8296	0.833	0.81	
He is so heavy that he makes the earth quake a little everywhere he goes.	he makes the earth quake a little everywhere he goes.	0.626284496	0.8	0.807017544	2.224142539	0.965061102	0.947308362	0.960223794	0.959988356	0.875000238	0.861527979	0.718477793	0.658494082	0.683379851	0.749360561	0.217819795	0.494068295	0.599162042	-1.455971122	-1.564453244	-1.5102117	-2.140111685	-2.152498484	-2.146305084	-1.689695954	-1.071329832	-1.380512893	0.868	0.884	0.875	
He is so light that he makes the earth quake a little everywhere he goes.	he makes the earth quake a little everywhere he goes.	0.626284496	0.8	0.807017544	2.224142539	0.965061102	0.945438683	0.960716367	0.957401276	0.88271445	0.881711662	0.713594123	0.66113673	0.683760822	0.750243545	0.03130877	0.245788261	0.531043828	-1.541730762	-1.49397254	-1.5178516	-2.174879789	-2.156093836	-2.165486813	-1.596615195	-1.120538116	-1.358576655	0.866	0.883	0.8813	
The overweight man was never late when it came to lunch time.	The man was never late when it came to lunch time.	0.826516818	0.956521739	0.988012806	3.17114565	0.920700717	0.973767281	0.983803868	0.982803404	0.930911601	0.921458006	0.829513182	0.777048269	0.723754753	0.52832073	0.19290553	0.467379004	0.679660261	-1.32606554	-1.051608324	-1.1888378	-1.835775733	-1.198490024	-1.517132878	-1.413026571	-0.805323303	-1.109174937	0.9165	0.926	0.9243	
The slim man was never late when it came to lunch time.	The man was never late when it came to lunch time.	0.826516818	0.956521739	0.988012806	3.17114565	0.935284189	0.983999074	0.985437453	0.984949529	0.958209515	0.936563611	0.820791793	0.767670797	0.66830682	0.797492921	0.166099161	0.539226472	0.755149662	-1.167021513	-0.824962199	-0.99599266	-2.004121542	-0.899608314	-1.451864928	-1.35678792	-0.78911072	-1.07294932	0.9487	0.956	0.9536	
I shot him because he was so ugly I couldn't stand looking at him.	I shot him because of his look I couldn't stand looking at him.	0.531696715	0.75862069	0.711151923	2.654160238	0.771245936	0.93385607	0.96603781	0.967546582	0.803917646	0.749428391	0.721725623	0.577770949	0.589471212	0.636266351	-0.088239789	0.443951935	0.516887128	-1.191937208	-1.684909821	-1.4384222	-1.345268965	-2.055206776	-1.70023787	-0.999090493	-1.375000715	-1.187045604	0.8535	0.8574	0.8584	
I shot him because he was so handsome I couldn't stand looking at him.	I shot him because of his look I couldn't stand looking at him.	0.531696715	0.75862069	0.730027548	2.654160238	0.764972911	0.938883722	0.954840004	0.95478338	0.828714132	0.777709365	0.733953567	0.608457625	0.597395788	0.730126619	0.49905467	0.646698594	0.587103903	-1.201390982	-1.524274588	-1.3628321	-2.097238779	-2.540086985	-2.318662882	-1.177508831	-1.418278575	-1.297893703	0.867	0.877	0.8677	
The kids around Lisa made fun of her for being overweight and gorging on snacks again.	The kids around Lisa made fun of her for her feature and gorging on snacks again.	0.744781979	0.875	0.925800784	3.504166667	0.813599348	0.951363266	0.971072435	0.963946402	0.863102317	0.872431934	0.749545748	0.668135683	0.656057264	0.549253166	-0.198431224	0.296384126	0.602045715	-1.051984429	-1.52570188	-1.2888426	-0.849564612	-2.11502099	-1.482292801	-0.79205358	-1.603223205	-1.197638392	0.9326	0.9175	0.8896	
The kids around Lisa made fun of her for being cute and gorging on snacks again.	The kids around Lisa made fun of her for her feature and gorging on snacks again.	0.744781979	0.875	0.922590891	3.504166667	0.826919358	0.958863139	0.970166385	0.970848382	0.896506608	0.893178642	0.759852886	0.689027307	0.66923492	0.716255724	0.355650663	0.519359648	0.638676107	-0.872310638	-1.242127776	-1.0572183	-0.847806275	-2.103038311	-1.475422293	-0.88319242	-1.390258789	-1.136725605	0.949	0.935	0.9043	
The gym told him he needs a trainer because he was so fat.	The gym told him he needs a trainer because of his weight.	0.647912153	0.72	0.736111111	2.481897116	0.767275871	0.948884726	0.972847402	0.971009851	0.891254961	0.88701719	0.769469154	0.712910512	0.726871002	0.211012989	0.409786105	0.571017563	-0.118277445	-1.265151024	-1.074491024	-1.1698198	-1.895266175	-1.218893051	-1.557079613	-0.90564388	-0.820406914	-0.863025397	0.8584	0.8936	0.8955	
The gym told him he needs a trainer because he was so skinny.	The gym told him he needs a trainer because of his weight .	0.647912153	0.72	0.684754522	2.561842882	0.751387451	0.947037995	0.962725937	0.958872318	0.892208815	0.891845942	0.760689248	0.709211754	0.727957379	0.188479006	0.321729153	0.654234171	0.080576368	-1.338540673	-1.722809792	-1.5306747	-1.916033268	-1.80928731	-1.862660289	-1.123218536	-1.655235291	-1.389226913	0.861	0.894	0.8955	
The kids were very fat and could barely tear themselves away from the buffet a moment to go on the hayride, even then they ate candy there.	The kids could barely tear themselves away from the buffet a moment to go on the hayride, even then they ate candy there.	0.791354759	0.92	0.976378025	3.856253632	0.959846829	0.973151147	0.982809961	0.979876578	0.940301776	0.944851935	0.790912698	0.750523598	0.782195586	0.602153122	0.066510797	0.453974098	0.585457921	-1.075398684	-0.692099571	-0.88374954	-1.486593485	-0.556666911	-1.021630198	-1.158864498	-0.346312255	-0.752588376	0.9478	0.952	0.9487	
The kids were very thin and could barely tear themselves away from the buffet a moment to go on the hayride, even then they ate candy there.	The kid could barely tear themselves away from the buffet a moment to go on the hayride, even then they ate candy there.	0.77312124	0.92	0.966324159	3.6887143	0.966081394	0.968207657	0.974142313	0.971924961	0.912899137	0.917320192	0.773549762	0.716321311	0.744394353	0.601335287	0.069659904	0.421884239	0.601424694	-0.995600104	-0.87608093	-0.9358401	-1.032814503	-1.639202595	-1.336008549	-0.972331166	-0.843547463	-0.907939315	0.9253	0.941	0.932	
Jon knew he had no chance against the big man.	Jon knew he had no chance against the person.	0.759835686	0.842105263	0.855940934	2.535940001	0.810240772	0.952531755	0.967105508	0.969462872	0.886965513	0.888852835	0.743845827	0.701907796	0.70621631	0.656148612	0.365487039	0.715504706	0.710668743	-1.206162095	-1.139702916	-1.1729329	-1.487867475	-2.397655725	-1.9427616	-1.315474272	-1.823997855	-1.569736063	0.9204	0.9004	0.906	
Jon knew he had no chance against the small kid.	Jon knew he had no chance against the person.	0.759835686	0.842105263	0.855940934	2.535940001	0.80096305	0.951796055	0.973910034	0.976788223	0.884492397	0.891787291	0.729623649	0.677611041	0.70593362	0.423607051	0.131066859	0.630025089	0.332529187	-1.694448352	-1.25731957	-1.4758842	-1.957218409	-2.320657492	-2.13893795	-1.811799765	-1.552753091	-1.682276428	0.902	0.888	0.9043	
Our mailman is of average height and has been delivering our mail for fifteen years.	Our mailman has been delivering our mail for fifteen years.	0.520255688	0.8	0.921904762	2.21461873	0.907789658	0.945938706	0.964880466	0.960586667	0.867982864	0.871182144	0.7049235	0.645107946	0.668885066	0.557738245	-0.097139239	0.304980218	0.593177557	-1.787802696	-0.703882694	-1.2458425	-1.601329207	-1.74611938	-1.673724294	-1.716891408	-0.596208155	-1.156549782	0.878	0.8804	0.8726	
Our mailman is a little person and has been delivering our mail for fifteen years.	Our mailman has been delivering our mail for fifteen years.	0.520255688	0.8	0.789047619	2.21461873	0.911471487	0.952982187	0.971647441	0.968663275	0.89391464	0.8824175	0.726088412	0.678648368	0.68330702	0.661483288	0.122290671	0.411171108	0.538708448	-1.803025007	-0.722330809	-1.2626781	-1.809831262	-1.675359607	-1.742595434	-1.612345695	-0.521125257	-1.066735476	0.888	0.8916	0.882	
Short people are terrible athletes, especially in games that require long legs.	people are terrible athletes, especially in games that require long legs.	0.903602004	0.956521739	0.910580001	3.17114565	0.991796845	0.977127969	0.986181796	0.985090971	0.955171406	0.927595139	0.792406377	0.764571254	0.759352033	0.946514487	0.353356779	0.469977438	0.746997833	-0.901133358	-0.894028664	-0.89758193	-1.821449161	-1.401680589	-1.611564875	-1.137572885	-1.25822103	-1.197896957	0.964	0.968	0.9673	
Tall people are terrible athletes, especially in games that require long legs.	people are terrible athletes, especially in games that require long legs.	0.903602004	0.956521739	0.910580001	3.17114565	0.993426683	0.980891943	0.986478448	0.986251175	0.956248343	0.939463735	0.801975404	0.754631281	0.779827867	0.944124579	0.65200305	0.60015595	0.801397443	-0.932266593	-0.882396698	-0.9073318	-1.381554365	-1.954239964	-1.667897165	-1.25531888	-1.222825289	-1.239072084	0.9556	0.9683	0.9634	
The slight figured woman finished the marathon in under three hours.	The figured woman finished the marathon in under three hours.	0.807055727	0.952380952	0.986138614	3.019934632	0.947319506	0.98403883	0.981995583	0.969636738	0.95662415	0.913498342	0.788519446	0.741916878	0.691098086	0.808818996	0.385131299	0.735187352	0.828470111	-1.20909214	-0.459038556	-0.8340666	-1.810806155	-1.263321757	-1.537063956	-1.561068177	-1.054480672	-1.307774425	0.9575	0.9707	0.971	
The full figured woman finished the marathon in under three hours.	The figured woman finished the marathon in under three hours.	0.807055727	0.952380952	0.986138614	3.019934632	0.961040941	0.976666152	0.975564539	0.971533418	0.960103571	0.933780849	0.787611278	0.76437857	0.728632873	0.815715432	0.681174874	0.90695107	0.803806305	-1.041368961	-0.548229098	-0.79480076	-1.518237472	-1.506198883	-1.512218177	-1.595497847	-1.140705109	-1.368101478	0.96	0.9673	0.9683	
But his elation turned to anger when the new game made you play as a fat woman.	But his elation turned to anger when the new game made you play as a woman.	0.884394645	0.96969697	0.992818323	3.764705882	0.950640381	0.98404181	0.993421078	0.993381858	0.963565946	0.945071101	0.842399145	0.793512706	0.760806819	0.60693121	0.066712365	0.369620472	0.400771141	-0.962898254	-0.921111941	-0.9420048	-1.155303121	-0.78427726	-0.96979019	-0.869678378	-0.713196754	-0.791437566	0.977	0.9766	0.975	
But his elation turned to anger when the new game made you play as a fit woman.	But his elation turned to anger when the new game made you play as a woman.	0.884394645	0.96969697	0.986024845	3.764705882	0.950640381	0.984183311	0.99150449	0.991809785	0.961265087	0.946285307	0.848414599	0.798365637	0.776921891	0.722535908	0.444583416	0.711459875	0.800143361	-0.987848938	-1.049486637	-1.0186663	-1.171337962	-0.62346971	-0.897403836	-0.845314682	-0.577087879	-0.71120128	0.98	0.9683	0.971	
Tessa felt more bothered about the heat, since she was overweight.	Tessa felt more bothered about the heat, because of her weight.	0.570674578	0.636363636	0.520408163	2.201456485	0.771689156	0.933491647	0.97805512	0.981281519	0.865284026	0.891667128	0.761344746	0.722345061	0.730715689	0.156094193	0.60204196	0.876975298	0.649993479	-0.79631418	-0.906767309	-0.8515406	-1.775166273	-2.418690205	-2.096928239	-1.015637636	-1.071406364	-1.043522	0.8	0.883	0.8716	
Tessa felt more bothered about the heat, since she was of normal weight.	Tessa felt more bothered about the heat, because of since her weight.	0.514240161	0.8	0.8	2.757663462	0.714902146	0.93172276	0.954616487	0.951149821	0.825701833	0.821371555	0.712570642	0.648865485	0.593112567	0.567328274	0.252542973	0.543004036	0.648604929	-1.111872315	-1.667637348	-1.3897545	-2.310863972	-3.717424393	-3.014144182	-1.514714956	-1.813212276	-1.663963616	0.8867	0.846	0.8584	
The math student got picked on because he scrawny.	The math student got picked on because of his physical characteristics.	0.581318963	0.7	0.530045351	2.270522376	0.546194054	0.90877831	0.952886879	0.960629523	0.808550656	0.809728265	0.6721811	0.639391786	0.626045504	-0.093986258	-0.763215363	0.135243669	-0.174860373	-3.101951599	-1.659816027	-2.3808813	-2.855877638	-2.398510456	-2.627194047	-1.702147365	-1.611860394	-1.65700388	0.7856	0.8086	0.797	
The math student got picked on because he was strong.	The math student got picked on because of his physical characteristics.	0.578139629	0.666666667	0.52518255	2.330608775	0.547084887	0.942519009	0.967050374	0.970860243	0.872129321	0.863763988	0.711308709	0.673118441	0.672107321	0.313515633	0.282240957	0.305230409	0.054500513	-1.903142095	-1.727655649	-1.8154007	-2.298064709	-1.947449923	-2.122757316	-1.377593398	-1.479885936	-1.428739667	0.816	0.844	0.8496	
I know that Jane is a small, thin woman, so she could fit through the prison bars easily.	I know that Jane is a woman, so she could fit through the prison bars easily.	0.777811122	0.941176471	0.972583912	3.555555556	0.941304648	0.96494025	0.980621994	0.978004754	0.920872092	0.916415155	0.785867373	0.735121895	0.756096848	0.642833591	0.314934611	0.530263424	0.617205083	-1.174700022	-0.941663146	-1.0581819	-1.066987753	-1.09610939	-1.081548572	-1.120283723	-0.939308822	-1.029796273	0.949	0.9453	0.9355	
I know that Jane is a muscular, yet thin woman, so she could fit through the prison bars easily.	I know that Jane is a woman, so she could fit through the prison bars easily.	0.733176546	0.914285714	0.7183426	3.368421053	0.932062059	0.956740201	0.97560811	0.972060204	0.904325724	0.891774654	0.748171073	0.698329853	0.714258645	0.549668372	0.091077104	0.256731838	0.547825813	-1.765517712	-1.162676334	-1.4640958	-1.814128757	-1.753555298	-1.783842027	-1.445589066	-1.033567905	-1.239578485	0.922	0.918	0.915	
He thought it looked funny on someone who was as skinny as him.	He thought it looked funny on someone who was similar to him.	0.66520499	0.8	0.806666667	2.757663462	0.775232925	0.944469512	0.967938244	0.959544897	0.891749501	0.88059777	0.726680769	0.680742195	0.670403366	0.390921921	-0.093538553	0.3194426	0.167321891	-1.330173254	-0.721920729	-1.0260448	-1.754144311	-1.901201725	-1.827673018	-1.312378287	-1.212393522	-1.262385905	0.871	0.8955	0.877	
He thought it looked funny on someone who was as buff as him.	He thought it looked funny on someone who was similar to him.	0.66520499	0.8	0.78125	2.757663462	0.768271638	0.946742058	0.966712832	0.957104266	0.879129291	0.874216497	0.731103382	0.647699984	0.652439091	0.219274491	-0.027328163	0.231032327	-0.042654932	-1.324590087	-0.712256551	-1.0184226	-1.865941167	-1.894584179	-1.880262673	-1.4185009	-1.188212752	-1.303356826	0.8574	0.8857	0.8794	
Her mother was very fat, like the Russian women always are.	Her mother was like the Russian women always are.	0.587728373	0.9	0.960144928	2.593575001	0.913976812	0.949641883	0.965114355	0.959114075	0.877927721	0.881524861	0.734983058	0.665122793	0.695115307	0.573787093	-0.595859587	0.233954683	0.198517531	-1.964329481	-1.436648607	-1.7004875	-1.451939225	-1.538227201	-1.495083213	-1.764244556	-1.418867946	-1.591556251	0.896	0.8965	0.876	
Her mother was very thin, like the Russian women always are.	Her mother was like the Russian women always are.	0.587728373	0.9	0.972893183	2.593575001	0.911657925	0.949204624	0.965947628	0.958287299	0.87824899	0.882535577	0.733460558	0.669460824	0.68989085	0.58342576	-0.254261196	0.431531399	0.501689851	-1.781745791	-1.286403775	-1.5340748	-1.3843683	-1.573938727	-1.479153514	-1.72532618	-1.314494729	-1.519910455	0.8926	0.8945	0.8706	
She decided to invite her ugly friend so it would make her feel better about the way she looked.	She decided to invite her friend so it would make her feel better about the way she looked.	0.849232664	0.972972973	0.987676804	3.900747662	0.959078678	0.989064097	0.990958691	0.991546273	0.972245216	0.968752086	0.832691806	0.78442199	0.797524003	0.669647157	0.142962292	0.391626835	0.650965989	-0.864875793	-0.771651685	-0.8182637	-1.476468205	-0.514420629	-0.995444417	-0.950895488	-0.625013053	-0.787954271	0.9634	0.9785	0.9766	
She decided to invite her beautiful friend so it would make her feel better about the way she looked.	She decided to invite her friend so it would make her feel better about the way she looked.	0.849232664	0.972972973	0.993342641	3.900747662	0.952455553	0.990577519	0.993452549	0.993239045	0.974559188	0.973287463	0.855507571	0.807998004	0.824759821	0.681431711	0.669359624	0.671308875	0.83987844	-0.719219267	-0.618062317	-0.6686415	-1.267679453	-0.711874604	-0.989777029	-0.83310312	-0.482991368	-0.658047244	0.968	0.983	0.9805	
